ITEM_CODE,NP_RLSE_YMD,ML_PRED_QTY,OUTFLOW_7D,FORMULA_QTY
123549,2025-01-08,15798,7824,21216.0
123549,2025-01-08,15207,11519,17520.0
123549,2025-01-08,20509,10703,26573.6
123549,2025-01-08,13858,7152,11136.0
123549,2025-01-08,5948,2672,4860.0
123549,2025-01-08,16894,9824,22550.0
123549,2025-01-08,10418,9200,10224.0
123549,2025-01-08,6919,5808,6840.0
123549,2025-01-08,18382,9840,18392.0
123549,2025-01-08,15800,8592,12608.0
123549,2025-01-08,15525,7904,15840.0
123549,2025-01-08,16112,9200,14544.0
123549,2025-01-08,13601,6400,10020.0
123549,2025-01-08,5620,5392,4992.0
123549,2025-01-08,19351,10096,19520.0
123550,2025-01-22,1985,368,2658.5
123550,2025-01-22,1785,904,2045.0
123550,2025-01-22,1827,1216,2348.2
123550,2025-01-22,1277,824,1020.0
123550,2025-01-22,521,332,431.25
123550,2025-01-22,1864,890,2468.75
123550,2025-01-22,1657,776,1606.5
123550,2025-01-22,1110,587,1098.0
123550,2025-01-22,1435,954,1425.0
123550,2025-01-22,1074,784,848.0
123550,2025-01-22,1277,760,1296.0
123550,2025-01-22,1380,1094,1233.0
123550,2025-01-22,977,588,716.25
123550,2025-01-22,1142,544,1028.0
123550,2025-01-22,1566,1076,1570.0
123551,2025-01-08,664,188,884.0
123551,2025-01-08,623,243,710.0
123551,2025-01-08,604,328,767.0
123551,2025-01-08,428,200,336.0
123551,2025-01-08,204,88,120.0
123551,2025-01-08,652,407,862.5
123551,2025-01-08,464,284,450.0
123551,2025-01-08,402,228,387.0
123551,2025-01-08,463,284,456.0
123551,2025-01-08,419,300,304.0
123551,2025-01-08,340,192,333.0
123551,2025-01-08,519,248,459.0
123551,2025-01-08,310,192,187.5
123551,2025-01-08,344,112,288.0
123551,2025-01-08,492,352,490.0
123555,2025-01-08,1159,840,1527.5
123555,2025-01-08,2009,1120,2300.0
123555,2025-01-08,1447,1250,1858.5
123555,2025-01-08,1432,480,1140.0
123555,2025-01-08,568,320,431.25
123555,2025-01-08,1677,1030,2218.75
123555,2025-01-08,1478,880,1440.0
123555,2025-01-08,1436,880,1425.0
123555,2025-01-08,1462,770,1160.0
123555,2025-01-08,1204,510,1215.0
123555,2025-01-08,1337,700,1192.5
123555,2025-01-08,867,610,618.75
123555,2025-01-08,941,450,840.0
123555,2025-01-08,1209,1030,1200.0
123557,2025-01-15,1775,1250,2177.5
123557,2025-01-15,2923,1490,3075.0
123557,2025-01-15,2965,1950,3510.5
123557,2025-01-15,2136,480,1580.0
123557,2025-01-15,850,460,618.75
123557,2025-01-15,2915,1760,3562.5
123557,2025-01-15,2832,1380,2542.5
123557,2025-01-15,86,670,22.5
123557,2025-01-15,2422,1410,2232.5
123557,2025-01-15,1984,1220,1440.0
123557,2025-01-15,2154,1270,2002.5
123557,2025-01-15,2312,1110,1912.5
123557,2025-01-15,1335,810,900.0
123557,2025-01-15,1200,680,980.0
123557,2025-01-15,2233,1560,2075.0
123558,2025-01-08,3524,1280,4712.5
123558,2025-01-08,4100,2950,4750.0
123558,2025-01-08,3588,2340,4631.5
123558,2025-01-08,2705,1590,2160.0
123558,2025-01-08,982,310,806.25
123558,2025-01-08,4124,1730,5468.75
123558,2025-01-08,3752,2620,3667.5
123558,2025-01-08,2409,770,2385.0
123558,2025-01-08,3101,1830,3087.5
123558,2025-01-08,2610,2020,2060.0
123558,2025-01-08,2896,1770,2947.5
123558,2025-01-08,2809,2510,2497.5
123558,2025-01-08,2243,1610,1631.25
123558,2025-01-08,1857,350,1660.0
123558,2025-01-08,3487,2610,3500.0
123608,2025-01-15,2697,696,3627.0
123608,2025-01-15,2340,1548,2700.0
123608,2025-01-15,2796,2184,3610.7999999999997
123608,2025-01-15,1241,948,984.0
123608,2025-01-15,765,600,585.0
123608,2025-01-15,2390,1680,3187.5
123608,2025-01-15,2350,1368,2295.0
123608,2025-01-15,1314,864,1296.0
123608,2025-01-15,1891,1140,1881.0
123608,2025-01-15,1445,1296,1128.0
123608,2025-01-15,2024,1116,2052.0
123608,2025-01-15,1557,1152,1377.0
123608,2025-01-15,1114,792,810.0
123608,2025-01-15,1364,600,1224.0
123608,2025-01-15,2598,1416,2610.0
123609,2025-01-15,2697,708,3627.0
123609,2025-01-15,2158,1332,2490.0
123609,2025-01-15,2714,2172,3504.6
123609,2025-01-15,1180,816,936.0
123609,2025-01-15,727,624,540.0
123609,2025-01-15,2362,1488,3150.0
123609,2025-01-15,2243,1308,2187.0
123609,2025-01-15,1203,804,1188.0
123609,2025-01-15,1891,1104,1881.0
123609,2025-01-15,1352,1248,1056.0
123609,2025-01-15,2097,1068,2133.0
123609,2025-01-15,1494,996,1323.0
123609,2025-01-15,1082,708,787.5
123609,2025-01-15,1337,504,1200.0
123609,2025-01-15,2628,1548,2640.0
123629,2025-01-15,4563,2400,6110.0
123629,2025-01-15,4817,2870,5550.0
123629,2025-01-15,5537,3820,7168.5
123629,2025-01-15,4859,2640,3880.0
123629,2025-01-15,1091,570,881.25
123629,2025-01-15,5439,3060,7281.25
123629,2025-01-15,4408,2520,4297.5
123629,2025-01-15,3527,2110,3487.5
123629,2025-01-15,7977,4350,8027.5
123629,2025-01-15,6684,3150,5360.0
123629,2025-01-15,2505,1520,2542.5
123629,2025-01-15,6377,3240,5782.5
123629,2025-01-15,2382,1440,1743.75
123629,2025-01-15,2489,1530,2240.0
123629,2025-01-15,9769,5390,9900.0
123638,2025-01-15,3266,1812,4368.0
123638,2025-01-15,4054,2352,4680.0
123638,2025-01-15,3533,3216,4566.599999999999
123638,2025-01-15,2378,984,1896.0
123638,2025-01-15,806,564,630.0
123638,2025-01-15,3978,2412,5287.5
123638,2025-01-15,3506,2412,3429.0
123638,2025-01-15,2480,1020,2457.0
123638,2025-01-15,3086,2208,3078.0
123638,2025-01-15,2709,1680,2136.0
123638,2025-01-15,2479,1536,2511.0
123638,2025-01-15,3289,1548,2943.0
123638,2025-01-15,2307,1104,1687.5
123638,2025-01-15,1954,1056,1752.0
123638,2025-01-15,3370,2328,3390.0
123640,2025-01-15,3550,1980,4745.0
123640,2025-01-15,4657,3000,5350.0
123640,2025-01-15,4186,3959,5369.0
123640,2025-01-15,2849,1080,2280.0
123640,2025-01-15,966,780,675.0
123640,2025-01-15,4332,2720,5750.0
123640,2025-01-15,4199,2160,4095.0
123640,2025-01-15,2634,1220,2610.0
123640,2025-01-15,3535,2060,3515.0
123640,2025-01-15,3577,2040,2840.0
123640,2025-01-15,2828,1700,2880.0
123640,2025-01-15,3772,1800,3375.0
123640,2025-01-15,2512,1120,1837.5
123640,2025-01-15,2534,980,2280.0
123640,2025-01-15,4141,2600,4150.0
123641,2025-01-08,1354,1328,1560.0
123641,2025-01-08,1173,1504,1157.5
123641,2025-01-08,2293,2016,2731.7
123641,2025-01-08,1238,1376,862.0
123641,2025-01-08,851,384,266.25
123641,2025-01-08,1668,1664,2000.0
123641,2025-01-08,1399,1616,1185.75
123641,2025-01-08,929,1136,681.75
123641,2025-01-08,1320,1248,1135.25
123641,2025-01-08,1156,1536,736.0
123641,2025-01-08,936,944,753.75
123641,2025-01-08,1217,1296,933.75
123641,2025-01-08,1000,848,600.0
123641,2025-01-08,819,848,544.0
123641,2025-01-08,1860,1808,1717.5
123642,2025-01-15,1078,872,1430.0
123642,2025-01-15,1255,1008,1440.0
123642,2025-01-15,1324,1136,1699.1999999999998
123642,2025-01-15,942,520,752.0
123642,2025-01-15,354,240,225.0
123642,2025-01-15,1734,1064,2300.0
123642,2025-01-15,1088,912,1062.0
123642,2025-01-15,838,488,828.0
123642,2025-01-15,1084,904,1064.0
123642,2025-01-15,1073,896,848.0
123642,2025-01-15,746,648,756.0
123642,2025-01-15,1031,720,918.0
123642,2025-01-15,800,488,585.0
123642,2025-01-15,712,488,640.0
123642,2025-01-15,1314,1056,1320.0
123643,2025-01-08,1577,182,2015.0
123643,2025-01-08,1575,1096,1710.0
123643,2025-01-08,1527,898,1858.5
123643,2025-01-08,1118,630,848.0
123643,2025-01-08,358,362,288.75
123643,2025-01-08,1656,452,2087.5
123643,2025-01-08,1414,768,1309.5
123643,2025-01-08,842,77,832.5
123643,2025-01-08,1149,802,1087.75
123643,2025-01-08,981,460,768.0
123643,2025-01-08,868,508,837.0
123643,2025-01-08,1311,714,1120.5
123643,2025-01-08,788,396,573.75
123643,2025-01-08,748,48,644.0
123643,2025-01-08,1520,720,1450.0
123723,2025-01-09,1616,1936,1560.0
123723,2025-01-09,1867,2800,1600.0
123723,2025-01-09,1483,2128,1321.6
123723,2025-01-09,1138,1824,576.0
123723,2025-01-09,659,640,330.0
123723,2025-01-09,1684,2096,1650.0
123723,2025-01-09,1487,2256,1008.0
123723,2025-01-09,889,1216,540.0
123723,2025-01-09,1401,2224,988.0
123723,2025-01-09,1083,2032,512.0
123723,2025-01-09,776,1664,396.0
123723,2025-01-09,1425,2176,900.0
123723,2025-01-09,939,1168,420.0
123723,2025-01-09,833,1088,544.0
123723,2025-01-09,1789,2288,1320.0
123724,2025-01-09,851,289,1062.75
123724,2025-01-09,722,536,780.0
123724,2025-01-09,819,747,982.3499999999999
123724,2025-01-09,502,443,366.0
123724,2025-01-09,203,296,123.75
123724,2025-01-09,790,309,984.375
123724,2025-01-09,853,505,783.0
123724,2025-01-09,418,57,371.25
123724,2025-01-09,646,412,584.25
123724,2025-01-09,546,398,396.0
123724,2025-01-09,569,237,519.75
123724,2025-01-09,625,296,506.25
123724,2025-01-09,275,245,168.75
123724,2025-01-09,730,356,682.5
123792,2025-01-22,2304,1104,3042.0
123792,2025-01-22,2124,1476,2400.0
123792,2025-01-22,1910,1692,2407.2
123792,2025-01-22,1714,1056,1320.0
123792,2025-01-22,628,612,427.5
123792,2025-01-22,2509,1200,3300.0
123792,2025-01-22,1915,1440,1836.0
123792,2025-01-22,1326,1128,1269.0
123792,2025-01-22,1862,1296,1824.0
123792,2025-01-22,1625,1200,1248.0
123792,2025-01-22,1750,983,1755.0
123792,2025-01-22,1442,1392,1242.0
123792,2025-01-22,1082,960,742.5
123792,2025-01-22,1103,744,960.0
123792,2025-01-22,1591,1560,1530.0
123808,2025-01-22,1927,976,2574.0
123808,2025-01-22,2282,1624,2635.0
123808,2025-01-22,2134,1438,2773.0
123808,2025-01-22,1307,897,1044.0
123808,2025-01-22,610,474,506.25
123808,2025-01-22,2364,1219,3175.0
123808,2025-01-22,1918,1319,1854.0
123808,2025-01-22,1525,806,1507.5
123808,2025-01-22,1793,1123,1781.25
123808,2025-01-22,1684,1286,1332.0
123808,2025-01-22,1287,912,1305.0
123808,2025-01-22,1491,1353,1318.5
123808,2025-01-22,1214,802,888.75
123808,2025-01-22,1067,578,960.0
123808,2025-01-22,1747,1114,1750.0
123809,2025-02-05,1572,1000,2080.0
123809,2025-02-05,1980,1368,2260.0
123809,2025-02-05,1756,1184,2242.0
123809,2025-02-05,1348,944,1072.0
123809,2025-02-05,469,264,330.0
123809,2025-02-05,2068,1328,2725.0
123809,2025-02-05,1916,1176,1854.0
123809,2025-02-05,1444,920,1422.0
123809,2025-02-05,1596,1000,1577.0
123809,2025-02-05,1922,1128,1488.0
123809,2025-02-05,882,696,882.0
123809,2025-02-05,1623,1008,1440.0
123809,2025-02-05,1139,720,825.0
123809,2025-02-05,1162,618,1040.0
123809,2025-02-05,1851,1089,1840.0
123845,2025-01-22,7345,1350,9847.5
123845,2025-01-22,7978,4245,9300.0
123845,2025-01-22,6302,4740,8142.0
123845,2025-01-22,4877,3210,3900.0
123845,2025-01-22,1355,1470,1068.75
123845,2025-01-22,8043,1890,10828.125
123845,2025-01-22,6327,3810,6176.25
123845,2025-01-22,4126,3150,4083.75
123845,2025-01-22,6107,3465,6091.875
123845,2025-01-22,5976,3675,4740.0
123845,2025-01-22,4375,2370,4455.0
123845,2025-01-22,5186,3975,4657.5
123845,2025-01-22,4565,2010,3346.875
123845,2025-01-22,3707,2025,3330.0
123845,2025-01-22,5841,3585,5850.0
123964,2025-02-05,1819,1354,2411.5
123964,2025-02-05,2876,2024,3305.0
123964,2025-02-05,1462,1182,1852.6
123964,2025-02-05,1534,1246,1216.0
123964,2025-02-05,708,464,570.0
123964,2025-02-05,2490,1750,3293.75
123964,2025-02-05,2433,1302,2344.5
123964,2025-02-05,940,951,913.5
123964,2025-02-05,2386,1104,2346.5
123964,2025-02-05,1571,1230,1232.0
123964,2025-02-05,1164,990,1161.0
123964,2025-02-05,1605,1476,1408.5
123964,2025-02-05,1125,858,817.5
123964,2025-02-05,1296,696,1156.0
123964,2025-02-05,2224,1682,2185.0
123970,2025-02-05,1704,950,2275.0
123970,2025-02-05,2299,1070,2625.0
123970,2025-02-05,1752,1150,2242.0
123970,2025-02-05,1551,650,1220.0
123970,2025-02-05,507,260,412.5
123970,2025-02-05,1957,1180,2593.75
123970,2025-02-05,1975,750,1912.5
123970,2025-02-05,983,730,945.0
123970,2025-02-05,1728,790,1710.0
123970,2025-02-05,1344,840,1040.0
123970,2025-02-05,1070,870,1057.5
123970,2025-02-05,1519,750,1327.5
123970,2025-02-05,969,590,693.75
123970,2025-02-05,866,500,760.0
123970,2025-02-05,1844,1190,1825.0
123971,2025-02-05,5845,4080,7566.0
123971,2025-02-05,6814,4944,7560.0
123971,2025-02-05,6130,6024,7646.4
123971,2025-02-05,4313,3576,3312.0
123971,2025-02-05,1494,1752,1125.0
123971,2025-02-05,6980,4632,9000.0
123971,2025-02-05,5396,3816,5076.0
123971,2025-02-05,3025,2879,2808.0
123971,2025-02-05,4454,4128,4275.0
123971,2025-02-05,3939,3264,2976.0
123971,2025-02-05,3971,3600,3888.0
123971,2025-02-05,4235,3864,3618.0
123971,2025-02-05,3171,2640,2205.0
123971,2025-02-05,3252,1536,2784.0
123971,2025-02-05,5356,4464,5160.0
123998,2025-01-30,1194,1128,1443.0
123998,2025-01-30,1295,1320,1350.0
123998,2025-01-30,1277,1392,1486.8
123998,2025-01-30,1174,1116,864.0
123998,2025-01-30,689,300,292.5
123998,2025-01-30,1458,1356,1762.5
123998,2025-01-30,1718,1296,1539.0
123998,2025-01-30,798,732,702.0
123998,2025-01-30,1376,1260,1254.0
123998,2025-01-30,1399,1224,1008.0
123998,2025-01-30,736,828,621.0
123998,2025-01-30,1086,924,864.0
123998,2025-01-30,915,720,607.5
123998,2025-01-30,699,588,528.0
123998,2025-01-30,1276,1284,1170.0
124000,2025-02-05,2287,2106,2983.5
124000,2025-02-05,4924,2826,5625.0
124000,2025-02-05,3237,2916,4141.8
124000,2025-02-05,2714,1728,2160.0
124000,2025-02-05,1195,864,945.0
124000,2025-02-05,3487,2160,4612.5
124000,2025-02-05,3179,1944,3078.0
124000,2025-02-05,2756,916,2713.5
124000,2025-02-05,2725,1584,2693.25
124000,2025-02-05,2744,1742,2160.0
124000,2025-02-05,3085,1350,3118.5
124000,2025-02-05,3640,2015,3240.0
124000,2025-02-05,2636,1116,1923.75
124000,2025-02-05,1927,864,1692.0
124000,2025-02-05,2434,2520,2340.0
124040,2025-01-23,5219,3580,6045.0
124040,2025-01-23,4677,5580,4650.0
124040,2025-01-23,3865,4280,4307.0
124040,2025-01-23,3251,3460,2240.0
124040,2025-01-23,819,860,525.0
124040,2025-01-23,5452,4240,6125.0
124040,2025-01-23,4781,4320,4050.0
124040,2025-01-23,2966,2680,2385.0
124040,2025-01-23,3557,3960,3087.5
124040,2025-01-23,5402,4060,3760.0
124040,2025-01-23,3302,3440,2790.0
124040,2025-01-23,3645,4020,2835.0
124040,2025-01-23,3426,3040,2175.0
124040,2025-01-23,3415,2900,2600.0
124040,2025-01-23,3422,4120,2950.0
124041,2025-01-22,514,530,637.0
124041,2025-01-22,2013,530,2155.0
124041,2025-01-22,753,721,926.3
124041,2025-01-22,459,56,356.0
124041,2025-01-22,2909,751,3643.75
124041,2025-01-22,544,295,526.5
124041,2025-01-22,421,3,342.0
124041,2025-01-22,447,492,413.25
124041,2025-01-22,633,439,476.0
124041,2025-01-22,608,440,594.0
124041,2025-01-22,415,144,351.0
124041,2025-01-22,476,336,318.75
124041,2025-01-22,271,273,188.0
124041,2025-01-22,983,568,935.0
124042,2025-01-22,504,544,624.0
124042,2025-01-22,1896,566,2030.0
124042,2025-01-22,684,614,855.5
124042,2025-01-22,471,50,368.0
124042,2025-01-22,2899,736,3662.5
124042,2025-01-22,549,268,531.0
124042,2025-01-22,415,2,337.5
124042,2025-01-22,447,428,403.75
124042,2025-01-22,628,448,480.0
124042,2025-01-22,635,441,607.5
124042,2025-01-22,399,142,337.5
124042,2025-01-22,399,320,262.5
124042,2025-01-22,265,239,164.0
124042,2025-01-22,956,558,905.0
124045,2025-02-12,4458,2136,5889.0
124045,2025-02-12,5271,3156,6030.0
124045,2025-02-12,4015,3756,5097.599999999999
124045,2025-02-12,2670,2184,2088.0
124045,2025-02-12,961,744,765.0
124045,2025-02-12,4853,2880,6375.0
124045,2025-02-12,4854,2736,4671.0
124045,2025-02-12,2451,1762,2376.0
124045,2025-02-12,4174,2376,4104.0
124045,2025-02-12,3790,2784,2952.0
124045,2025-02-12,3193,1740,3186.0
124045,2025-02-12,3165,2460,2781.0
124045,2025-02-12,2942,1800,2115.0
124045,2025-02-12,2506,1260,2208.0
124045,2025-02-12,4162,3324,4110.0
124046,2025-02-12,3101,1950,4127.5
124046,2025-02-12,3609,2450,4125.0
124046,2025-02-12,3305,2299,4248.0
124046,2025-02-12,2515,1530,2000.0
124046,2025-02-12,870,580,712.5
124046,2025-02-12,3771,2630,5000.0
124046,2025-02-12,3240,2290,3150.0
124046,2025-02-12,2121,1480,2092.5
124046,2025-02-12,2726,2050,2707.5
124046,2025-02-12,2465,1710,1940.0
124046,2025-02-12,1715,1280,1732.5
124046,2025-02-12,2803,2010,2497.5
124046,2025-02-12,2592,1450,1893.75
124046,2025-02-12,1627,1110,1460.0
124046,2025-02-12,2812,2073,2800.0
124047,2025-02-12,2912,1820,3867.5
124047,2025-02-12,3282,2440,3750.0
124047,2025-02-12,3213,2180,4130.0
124047,2025-02-12,2314,1630,1840.0
124047,2025-02-12,729,480,600.0
124047,2025-02-12,3302,2290,4375.0
124047,2025-02-12,2988,2080,2902.5
124047,2025-02-12,1936,1430,1912.5
124047,2025-02-12,2423,1840,2398.75
124047,2025-02-12,2238,1510,1760.0
124047,2025-02-12,1603,1200,1620.0
124047,2025-02-12,2458,1790,2182.5
124047,2025-02-12,2386,1390,1743.75
124047,2025-02-12,1471,1090,1320.0
124047,2025-02-12,2699,1950,2675.0
124048,2025-02-12,3722,2200,4956.25
124048,2025-02-12,4410,3325,5062.5
124048,2025-02-12,3919,2975,5015.0
124048,2025-02-12,2957,2125,2350.0
124048,2025-02-12,1396,650,1125.0
124048,2025-02-12,3666,2875,4843.75
124048,2025-02-12,4682,3200,4556.25
124048,2025-02-12,3192,1700,3150.0
124048,2025-02-12,3535,2450,3503.125
124048,2025-02-12,4485,2500,3550.0
124048,2025-02-12,3171,2075,3206.25
124048,2025-02-12,4711,1450,4218.75
124048,2025-02-12,4033,1250,2953.125
124048,2025-02-12,2301,1225,2050.0
124048,2025-02-12,3279,2575,3250.0
124058,2025-01-27,4862,2160,6708.0
124058,2025-01-27,5183,2892,6120.0
124058,2025-01-27,4124,2034,5469.299999999999
124058,2025-01-27,4022,1974,3300.0
124058,2025-01-27,2417,648,2025.0
124058,2025-01-27,5730,2700,7856.25
124058,2025-01-27,6032,3000,6061.5
124058,2025-01-27,2708,1536,2740.5
124058,2025-01-27,5107,2538,5229.75
124058,2025-01-27,5923,2652,4812.0
124058,2025-01-27,5919,2772,6183.0
124058,2025-01-27,4434,2250,4090.5
124058,2025-01-27,3746,1758,2801.25
124058,2025-01-27,3692,1890,3408.0
124058,2025-01-27,3927,1776,4020.0
124130,2025-02-12,2370,1420,3120.0
124130,2025-02-12,2389,1840,2700.0
124130,2025-02-12,2306,1900,2920.5
124130,2025-02-12,1496,1340,1160.0
124130,2025-02-12,771,540,618.75
124130,2025-02-12,2218,1920,2906.25
124130,2025-02-12,2237,1590,2137.5
124130,2025-02-12,1236,1030,1192.5
124130,2025-02-12,2022,1560,1971.25
124130,2025-02-12,1797,1400,1380.0
124130,2025-02-12,1539,1470,1530.0
124130,2025-02-12,1797,1530,1575.0
124130,2025-02-12,1400,970,993.75
124130,2025-02-12,1290,1030,1140.0
124130,2025-02-12,2633,2030,2550.0
124131,2025-02-12,663,292,871.0
124131,2025-02-12,526,536,590.0
124131,2025-02-12,600,612,755.1999999999999
124131,2025-02-12,472,328,368.0
124131,2025-02-12,218,196,180.0
124131,2025-02-12,707,536,925.0
124131,2025-02-12,600,500,576.0
124131,2025-02-12,423,264,414.0
124131,2025-02-12,562,380,551.0
124131,2025-02-12,427,396,328.0
124131,2025-02-12,428,396,423.0
124131,2025-02-12,573,416,504.0
124131,2025-02-12,291,228,210.0
124131,2025-02-12,414,208,368.0
124131,2025-02-12,708,516,690.0
124132,2025-02-12,1927,712,2522.0
124132,2025-02-12,1767,1456,1980.0
124132,2025-02-12,1797,1616,2265.6
124132,2025-02-12,1250,864,960.0
124132,2025-02-12,538,477,435.0
124132,2025-02-12,1952,1256,2550.0
124132,2025-02-12,1009,704,972.0
124132,2025-02-12,1413,976,1368.0
124132,2025-02-12,1122,976,848.0
124132,2025-02-12,1256,952,1242.0
124132,2025-02-12,1523,944,1332.0
124132,2025-02-12,913,760,645.0
124132,2025-02-12,1008,832,880.0
124132,2025-02-12,2107,1288,2040.0
124133,2025-02-12,1822,664,2392.0
124133,2025-02-12,1841,1368,2060.0
124133,2025-02-12,1646,1472,2076.7999999999997
124133,2025-02-12,1206,824,928.0
124133,2025-02-12,519,432,420.0
124133,2025-02-12,1892,1272,2475.0
124133,2025-02-12,952,672,918.0
124133,2025-02-12,1393,944,1349.0
124133,2025-02-12,1038,1032,784.0
124133,2025-02-12,1137,840,1116.0
124133,2025-02-12,1379,936,1206.0
124133,2025-02-12,832,776,585.0
124133,2025-02-12,853,648,752.0
124133,2025-02-12,2024,1240,1960.0
124135,2025-02-12,5513,4768,7020.0
124135,2025-02-12,7093,6304,7880.0
124135,2025-02-12,5939,5552,7316.0
124135,2025-02-12,4080,4912,2976.0
124135,2025-02-12,1859,2000,1410.0
124135,2025-02-12,5929,5840,7500.0
124135,2025-02-12,5953,5696,5544.0
124135,2025-02-12,3445,3792,3168.0
124135,2025-02-12,5608,5152,5320.0
124135,2025-02-12,4563,4480,3360.0
124135,2025-02-12,4353,4335,4176.0
124135,2025-02-12,5117,4896,4356.0
124135,2025-02-12,3699,3200,2520.0
124135,2025-02-12,3420,3536,2848.0
124135,2025-02-12,5455,5344,5200.0
124137,2025-02-03,113,82,90.0
124137,2025-02-03,102,132,94.39999999999999
124137,2025-02-03,69,92,36.0
124137,2025-02-03,27,34,15.0
124137,2025-02-03,97,120,93.75
124137,2025-02-03,146,112,108.0
124137,2025-02-03,72,44,58.5
124137,2025-02-03,109,108,71.25
124137,2025-02-03,111,102,64.0
124137,2025-02-03,79,90,36.0
124137,2025-02-03,57,86,27.0
124137,2025-02-03,116,66,56.25
124137,2025-02-03,71,58,48.0
124137,2025-02-03,137,128,100.0
124138,2025-02-12,2601,1692,3432.0
124138,2025-02-12,3180,2184,3600.0
124138,2025-02-12,2709,1596,3433.7999999999997
124138,2025-02-12,1910,1476,1488.0
124138,2025-02-12,815,492,652.5
124138,2025-02-12,2546,1980,3337.5
124138,2025-02-12,2776,1956,2673.0
124138,2025-02-12,2994,1319,2889.0
124138,2025-02-12,2554,1788,2508.0
124138,2025-02-12,1805,1164,1392.0
124138,2025-02-12,1804,1536,1809.0
124138,2025-02-12,2038,1476,1782.0
124138,2025-02-12,1643,936,1170.0
124138,2025-02-12,1351,1008,1176.0
124138,2025-02-12,3286,2088,3210.0
124139,2025-02-12,4462,2150,5921.5
124139,2025-02-12,5189,2251,6020.0
124139,2025-02-12,3834,2744,4950.099999999999
124139,2025-02-12,3043,2098,2424.0
124139,2025-02-12,1344,778,1076.25
124139,2025-02-12,3661,3054,4881.25
124139,2025-02-12,3860,2412,3766.5
124139,2025-02-12,2784,1526,2749.5
124139,2025-02-12,4925,2406,4930.5
124139,2025-02-12,2338,1469,1840.0
124139,2025-02-12,2704,2009,2740.5
124139,2025-02-12,2851,2145,2551.5
124139,2025-02-12,2495,1248,1818.75
124139,2025-02-12,1786,1203,1600.0
124139,2025-02-12,5519,2496,5510.0
124140,2025-02-12,1409,1104,1872.0
124140,2025-02-12,2647,1380,3030.0
124140,2025-02-12,2175,1728,2796.6
124140,2025-02-12,1888,996,1512.0
124140,2025-02-12,573,336,472.5
124140,2025-02-12,1954,1812,2587.5
124140,2025-02-12,2547,1260,2484.0
124140,2025-02-12,1743,744,1728.0
124140,2025-02-12,1861,1428,1852.5
124140,2025-02-12,2024,1344,1608.0
124140,2025-02-12,1442,852,1458.0
124140,2025-02-12,1750,1140,1566.0
124140,2025-02-12,1632,648,1192.5
124140,2025-02-12,1205,588,1080.0
124140,2025-02-12,1701,1476,1680.0
124141,2025-02-12,806,488,1066.0
124141,2025-02-12,930,600,1060.0
124141,2025-02-12,870,656,1109.2
124141,2025-02-12,624,440,496.0
124141,2025-02-12,305,160,225.0
124141,2025-02-12,707,672,925.0
124141,2025-02-12,983,576,954.0
124141,2025-02-12,673,368,666.0
124141,2025-02-12,901,424,893.0
124141,2025-02-12,889,480,704.0
124141,2025-02-12,540,480,540.0
124141,2025-02-12,768,392,684.0
124141,2025-02-12,576,328,420.0
124141,2025-02-12,483,312,432.0
124141,2025-02-12,808,624,800.0
124142,2025-02-05,1031,528,1300.0
124142,2025-02-05,1638,1232,1840.0
124142,2025-02-05,1313,816,1604.8
124142,2025-02-05,807,672,608.0
124142,2025-02-05,513,512,390.0
124142,2025-02-05,1524,544,1950.0
124142,2025-02-05,1731,960,1656.0
124142,2025-02-05,1437,991,1404.0
124142,2025-02-05,1122,1168,1064.0
124142,2025-02-05,1582,560,1216.0
124142,2025-02-05,1273,976,1260.0
124142,2025-02-05,1416,1136,1224.0
124142,2025-02-05,1100,704,780.0
124142,2025-02-05,1026,400,896.0
124142,2025-02-05,1247,1056,1200.0
124151,2025-01-30,1587,2180,1462.5
124151,2025-01-30,1755,3010,1350.0
124151,2025-01-30,1571,2830,1327.5
124151,2025-01-30,1335,1840,740.0
124151,2025-01-30,668,760,318.75
124151,2025-01-30,1556,2590,1406.25
124151,2025-01-30,1609,2750,1057.5
124151,2025-01-30,1168,1290,765.0
124151,2025-01-30,1693,2540,1140.0
124151,2025-01-30,1184,2090,600.0
124151,2025-01-30,1084,1910,697.5
124151,2025-01-30,1294,2170,765.0
124151,2025-01-30,902,1650,393.75
124151,2025-01-30,848,1170,500.0
124151,2025-01-30,1893,3080,1300.0
124158,2025-02-03,147,184,130.0
124158,2025-02-03,128,206,90.0
124158,2025-02-03,174,246,147.5
124158,2025-02-03,155,150,64.0
124158,2025-02-03,79,54,30.0
124158,2025-02-03,239,250,212.5
124158,2025-02-03,175,290,117.0
124158,2025-02-03,171,152,126.0
124158,2025-02-03,152,254,95.0
124158,2025-02-03,195,198,64.0
124158,2025-02-03,58,170,22.5
124158,2025-02-03,149,162,58.5
124158,2025-02-03,78,138,30.0
124158,2025-02-03,164,109,112.0
124158,2025-02-03,162,250,110.0
124286,2025-02-12,943,880,1170.0
124286,2025-02-12,962,912,1020.0
124286,2025-02-12,936,984,1109.2
124286,2025-02-12,689,768,496.0
124286,2025-02-12,321,160,180.0
124286,2025-02-12,1069,1136,1325.0
124286,2025-02-12,1106,1120,1026.0
124286,2025-02-12,731,664,648.0
124286,2025-02-12,1154,992,1083.0
124286,2025-02-12,907,896,640.0
124286,2025-02-12,786,792,720.0
124286,2025-02-12,811,912,648.0
124286,2025-02-12,606,592,405.0
124286,2025-02-12,607,616,496.0
124286,2025-02-12,1037,968,980.0
124290,2025-02-19,5642,1464,7566.0
124290,2025-02-19,4899,2988,5640.0
124290,2025-02-19,4105,2760,5274.599999999999
124290,2025-02-19,3182,2220,2544.0
124290,2025-02-19,1366,876,1125.0
124290,2025-02-19,4900,2076,6525.0
124290,2025-02-19,7907,2988,7776.0
124290,2025-02-19,4353,1728,4320.0
124290,2025-02-19,3555,2148,3534.0
124290,2025-02-19,4416,2592,3504.0
124290,2025-02-19,3274,2820,3321.0
124290,2025-02-19,4311,2484,3861.0
124290,2025-02-19,2766,1704,2025.0
124290,2025-02-19,2049,1128,1848.0
124290,2025-02-19,4165,3012,4140.0
124291,2025-02-19,5862,2582,7969.0
124291,2025-02-19,4532,2621,5270.0
124291,2025-02-19,5994,3164,7847.0
124291,2025-02-19,3490,1814,2828.0
124291,2025-02-19,1708,699,1421.25
124291,2025-02-19,4975,2995,6718.75
124291,2025-02-19,4933,2737,4882.5
124291,2025-02-19,3321,1689,3334.5
124291,2025-02-19,4370,2384,4408.0
124291,2025-02-19,4885,2119,3936.0
124291,2025-02-19,4566,2142,4698.0
124291,2025-02-19,4448,2141,4059.0
124291,2025-02-19,4223,1627,3127.5
124291,2025-02-19,2072,1318,1884.0
124291,2025-02-19,4970,2804,5035.0
124292,2025-02-26,713,102,962.0
124292,2025-02-26,848,262,975.0
124292,2025-02-26,505,284,654.9
124292,2025-02-26,524,146,420.0
124292,2025-02-26,213,26,176.25
124292,2025-02-26,748,268,1000.0
124292,2025-02-26,597,176,585.0
124292,2025-02-26,498,46,490.5
124292,2025-02-26,471,220,465.5
124292,2025-02-26,395,188,312.0
124292,2025-02-26,379,182,378.0
124292,2025-02-26,473,574,405.0
124292,2025-02-26,591,128,431.25
124292,2025-02-26,265,112,240.0
124292,2025-02-26,614,268,615.0
124293,2025-02-26,676,74,910.0
124293,2025-02-26,617,212,700.0
124293,2025-02-26,494,238,637.1999999999999
124293,2025-02-26,467,132,372.0
124293,2025-02-26,211,20,172.5
124293,2025-02-26,715,208,956.25
124293,2025-02-26,551,167,540.0
124293,2025-02-26,475,56,468.0
124293,2025-02-26,412,198,403.75
124293,2025-02-26,339,162,268.0
124293,2025-02-26,365,170,364.5
124293,2025-02-26,465,340,400.5
124293,2025-02-26,597,118,435.0
124293,2025-02-26,239,112,216.0
124293,2025-02-26,601,248,600.0
124294,2025-02-12,1283,817,1612.0
124294,2025-02-12,1144,1184,1240.0
124294,2025-02-12,1509,1232,1888.0
124294,2025-02-12,1176,928,896.0
124294,2025-02-12,512,144,210.0
124294,2025-02-12,1328,1328,1700.0
124294,2025-02-12,1176,1136,1080.0
124294,2025-02-12,754,864,684.0
124294,2025-02-12,1481,1104,1444.0
124294,2025-02-12,998,1040,736.0
124294,2025-02-12,756,768,720.0
124294,2025-02-12,1140,944,972.0
124294,2025-02-12,859,624,600.0
124294,2025-02-12,749,672,640.0
124294,2025-02-12,1136,1040,1080.0
124317,2025-02-26,1504,1144,1989.0
124317,2025-02-26,1901,1381,2170.0
124317,2025-02-26,1671,1257,2124.0
124317,2025-02-26,1552,852,1224.0
124317,2025-02-26,612,400,502.5
124317,2025-02-26,1804,1408,2362.5
124317,2025-02-26,1774,1296,1692.0
124317,2025-02-26,1666,615,1629.0
124317,2025-02-26,1520,1176,1491.5
124317,2025-02-26,1336,972,1048.0
124317,2025-02-26,1248,952,1251.0
124317,2025-02-26,1271,1040,1125.0
124317,2025-02-26,1100,620,795.0
124317,2025-02-26,1009,520,896.0
124317,2025-02-26,1571,1232,1540.0
124318,2025-02-19,1623,792,2151.5
124318,2025-02-19,2087,779,2400.0
124318,2025-02-19,1871,1584,2416.0499999999997
124318,2025-02-19,1267,513,1012.0
124318,2025-02-19,575,452,472.5
124318,2025-02-19,2005,908,2675.0
124318,2025-02-19,1706,953,1651.5
124318,2025-02-19,1038,449,1023.75
124318,2025-02-19,1426,722,1396.5
124318,2025-02-19,1278,760,1008.0
124318,2025-02-19,1549,859,1570.5
124318,2025-02-19,1338,779,1190.25
124318,2025-02-19,1240,631,905.625
124318,2025-02-19,1060,249,950.0
124318,2025-02-19,1463,877,1455.0
124320,2025-02-19,9678,5264,13104.0
124320,2025-02-19,13838,3792,16200.0
124320,2025-02-19,11153,8480,14679.199999999999
124320,2025-02-19,10042,2608,8192.0
124320,2025-02-19,3509,1232,2790.0
124320,2025-02-19,10302,6624,13950.0
124320,2025-02-19,9261,5200,9216.0
124320,2025-02-19,5855,2496,5832.0
124320,2025-02-19,7464,4288,7524.0
124320,2025-02-19,12695,3152,10272.0
124320,2025-02-19,7774,4912,8028.0
124320,2025-02-19,10907,4096,9936.0
124320,2025-02-19,7971,2736,5940.0
124320,2025-02-19,5694,1856,5152.0
124320,2025-02-19,8239,5984,8320.0
124323,2025-02-19,467,252,624.0
124323,2025-02-19,557,260,640.0
124323,2025-02-19,487,387,625.4
124323,2025-02-19,309,152,248.0
124323,2025-02-19,132,88,97.5
124323,2025-02-19,609,286,812.5
124323,2025-02-19,489,234,477.0
124323,2025-02-19,327,160,324.0
124323,2025-02-19,401,212,399.0
124323,2025-02-19,346,242,272.0
124323,2025-02-19,348,238,351.0
124323,2025-02-19,385,216,342.0
124323,2025-02-19,247,138,180.0
124323,2025-02-19,172,154,152.0
124323,2025-02-19,478,242,480.0
124340,2025-02-26,4521,2480,6077.5
124340,2025-02-26,3070,1920,3525.0
124340,2025-02-26,1878,1610,2419.0
124340,2025-02-26,2465,1490,1980.0
124340,2025-02-26,638,180,525.0
124340,2025-02-26,3965,2530,5281.25
124340,2025-02-26,6375,3320,6322.5
124340,2025-02-26,1948,1330,1935.0
124340,2025-02-26,4937,3430,4963.75
124340,2025-02-26,2962,1440,2360.0
124340,2025-02-26,1459,1170,1485.0
124340,2025-02-26,3270,1780,2947.5
124340,2025-02-26,1787,930,1312.5
124340,2025-02-26,1235,900,1100.0
124340,2025-02-26,5728,3690,5775.0
124341,2025-03-05,1767,1280,2340.0
124341,2025-03-05,2799,1200,3150.0
124341,2025-03-05,1909,670,2330.5
124341,2025-03-05,1489,930,1180.0
124341,2025-03-05,583,350,468.75
124341,2025-03-05,3354,1130,4375.0
124341,2025-03-05,2421,1500,2317.5
124341,2025-03-05,1692,960,1665.0
124341,2025-03-05,1612,1070,1591.25
124341,2025-03-05,1363,990,1060.0
124341,2025-03-05,2036,1050,2047.5
124341,2025-03-05,1675,1090,1485.0
124341,2025-03-05,1284,760,918.75
124341,2025-03-05,1391,601,1240.0
124341,2025-03-05,1913,1350,1900.0
124409,2025-02-26,4937,3720,6513.0
124409,2025-02-26,6458,3540,7440.0
124409,2025-02-26,5339,5220,6761.4
124409,2025-02-26,4257,2412,3336.0
124409,2025-02-26,1871,1872,1507.5
124409,2025-02-26,6111,5460,8137.5
124409,2025-02-26,5738,4428,5589.0
124409,2025-02-26,3277,3048,3186.0
124409,2025-02-26,5218,3324,5101.5
124409,2025-02-26,3860,3288,3000.0
124409,2025-02-26,4256,2904,4266.0
124409,2025-02-26,4429,3684,3915.0
124409,2025-02-26,3394,2172,2452.5
124409,2025-02-26,3205,2448,2832.0
124409,2025-02-26,4510,4752,4320.0
124415,2025-02-26,1317,788,1755.0
124415,2025-02-26,1410,872,1620.0
124415,2025-02-26,1237,1218,1581.1999999999998
124415,2025-02-26,957,331,768.0
124415,2025-02-26,370,226,307.5
124415,2025-02-26,1333,1073,1762.5
124415,2025-02-26,1451,816,1413.0
124415,2025-02-26,869,509,864.0
124415,2025-02-26,1229,859,1225.5
124415,2025-02-26,925,595,736.0
124415,2025-02-26,893,667,909.0
124415,2025-02-26,1065,724,945.0
124415,2025-02-26,796,344,585.0
124415,2025-02-26,817,383,736.0
124415,2025-02-26,1106,956,1110.0
124416,2025-02-26,1723,1180,2275.0
124416,2025-02-26,2365,1300,2700.0
124416,2025-02-26,2037,1440,2596.0
124416,2025-02-26,1631,540,1300.0
124416,2025-02-26,909,470,731.25
124416,2025-02-26,1616,1380,2125.0
124416,2025-02-26,1972,1370,1912.5
124416,2025-02-26,965,760,945.0
124416,2025-02-26,1992,1210,1971.25
124416,2025-02-26,1483,860,1160.0
124416,2025-02-26,1354,980,1372.5
124416,2025-02-26,1704,1050,1507.5
124416,2025-02-26,1397,400,1012.5
124416,2025-02-26,1167,520,1040.0
124416,2025-02-26,1716,1140,1700.0
124417,2025-02-26,2276,1224,3042.0
124417,2025-02-26,2409,1500,2760.0
124417,2025-02-26,1765,1104,2265.6
124417,2025-02-26,1388,996,1104.0
124417,2025-02-26,878,408,720.0
124417,2025-02-26,1895,1260,2512.5
124417,2025-02-26,1692,1128,1647.0
124417,2025-02-26,1046,804,1026.0
124417,2025-02-26,1607,1032,1596.0
124417,2025-02-26,1619,984,1272.0
124417,2025-02-26,1337,816,1350.0
124417,2025-02-26,1376,984,1215.0
124417,2025-02-26,931,540,675.0
124417,2025-02-26,862,600,768.0
124417,2025-02-26,1828,1200,1830.0
124418,2025-02-26,2217,1248,2964.0
124418,2025-02-26,2251,1368,2580.0
124418,2025-02-26,1599,1008,2053.2
124418,2025-02-26,1388,876,1104.0
124418,2025-02-26,851,384,697.5
124418,2025-02-26,1923,1224,2550.0
124418,2025-02-26,1582,1056,1539.0
124418,2025-02-26,832,660,810.0
124418,2025-02-26,1497,936,1482.0
124418,2025-02-26,1650,948,1296.0
124418,2025-02-26,1310,708,1323.0
124418,2025-02-26,1194,828,1053.0
124418,2025-02-26,960,552,697.5
124418,2025-02-26,835,600,744.0
124418,2025-02-26,1715,1092,1710.0
124419,2025-02-26,4940,4044,6591.0
124419,2025-02-26,7011,4752,8130.0
124419,2025-02-26,5986,4728,7752.599999999999
124419,2025-02-26,5016,2638,3984.0
124419,2025-02-26,1526,1284,1215.0
124419,2025-02-26,6575,5712,8812.5
124419,2025-02-26,6426,4056,6291.0
124419,2025-02-26,3703,2484,3645.0
124419,2025-02-26,5155,4320,5101.5
124419,2025-02-26,5562,3240,4392.0
124419,2025-02-26,4196,3401,4239.0
124419,2025-02-26,5429,3552,4860.0
124419,2025-02-26,4413,2088,3217.5
124419,2025-02-26,3220,1536,2880.0
124419,2025-02-26,4941,4080,4890.0
124420,2025-02-26,4186,2460,5590.0
124420,2025-02-26,5014,2820,5750.0
124420,2025-02-26,3953,3220,5074.0
124420,2025-02-26,2902,1640,2320.0
124420,2025-02-26,2476,680,2025.0
124420,2025-02-26,4883,3040,6500.0
124420,2025-02-26,4474,2200,4365.0
124420,2025-02-26,2726,2100,2700.0
124420,2025-02-26,4112,2700,4085.0
124420,2025-02-26,3830,2100,3040.0
124420,2025-02-26,2530,2100,2565.0
124420,2025-02-26,3366,2580,3015.0
124420,2025-02-26,2667,1280,1950.0
124420,2025-02-26,2189,1080,1960.0
124420,2025-02-26,3766,2920,3750.0
124424,2025-02-26,2012,2074,2567.5
124424,2025-02-26,3028,2414,3440.0
124424,2025-02-26,2094,1874,2631.3999999999996
124424,2025-02-26,1763,1664,1360.0
124424,2025-02-26,714,552,558.75
124424,2025-02-26,2111,2064,2731.25
124424,2025-02-26,2454,2160,2353.5
124424,2025-02-26,1817,1408,1737.0
124424,2025-02-26,2340,1910,2280.0
124424,2025-02-26,1560,1380,1196.0
124424,2025-02-26,2220,1760,2200.5
124424,2025-02-26,1828,1676,1597.5
124424,2025-02-26,1248,1064,881.25
124424,2025-02-26,1325,1222,1152.0
124424,2025-02-26,2279,1944,2180.0
124426,2025-02-26,1345,1044,1677.0
124426,2025-02-26,2708,1128,3000.0
124426,2025-02-26,1407,1596,1663.8
124426,2025-02-26,1641,564,1224.0
124426,2025-02-26,581,432,450.0
124426,2025-02-26,1504,1464,1875.0
124426,2025-02-26,1934,840,1809.0
124426,2025-02-26,1576,396,1485.0
124426,2025-02-26,1715,924,1624.5
124426,2025-02-26,1982,552,1488.0
124426,2025-02-26,1742,936,1701.0
124426,2025-02-26,1688,888,1431.0
124426,2025-02-26,1244,564,855.0
124426,2025-02-26,1153,408,984.0
124426,2025-02-26,1382,948,1290.0
124430,2025-03-26,1120,720,1495.0
124430,2025-03-26,1156,845,1325.0
124430,2025-03-26,1290,868,1652.0
124430,2025-03-26,877,600,700.0
124430,2025-03-26,363,270,290.625
124430,2025-03-26,1289,910,1703.125
124430,2025-03-26,1360,880,1327.5
124430,2025-03-26,1219,200,1203.75
124430,2025-03-26,1002,690,997.5
124430,2025-03-26,762,595,600.0
124430,2025-03-26,821,535,832.5
124430,2025-03-26,1099,670,967.5
124430,2025-03-26,717,415,525.0
124430,2025-03-26,801,405,720.0
124430,2025-03-26,1163,824,1162.5
124431,2025-02-26,3989,2440,5330.0
124431,2025-02-26,4927,2920,5650.0
124431,2025-02-26,4091,3320,5251.0
124431,2025-02-26,3047,1480,2440.0
124431,2025-02-26,1147,620,937.5
124431,2025-02-26,4326,3400,5750.0
124431,2025-02-26,4201,2620,4095.0
124431,2025-02-26,3273,1840,3240.0
124431,2025-02-26,3585,2440,3562.5
124431,2025-02-26,3527,2220,2800.0
124431,2025-02-26,2361,2260,2385.0
124431,2025-02-26,3568,2360,3195.0
124431,2025-02-26,2719,1260,1987.5
124431,2025-02-26,2189,1060,1960.0
124431,2025-02-26,3414,2980,3400.0
124432,2025-02-26,1275,660,1677.0
124432,2025-02-26,1290,876,1470.0
124432,2025-02-26,1200,924,1522.1999999999998
124432,2025-02-26,750,300,576.0
124432,2025-02-26,395,132,202.5
124432,2025-02-26,1117,912,1462.5
124432,2025-02-26,1118,708,1080.0
124432,2025-02-26,629,528,594.0
124432,2025-02-26,1241,792,1225.5
124432,2025-02-26,1110,504,864.0
124432,2025-02-26,667,540,648.0
124432,2025-02-26,877,660,756.0
124432,2025-02-26,949,216,675.0
124432,2025-02-26,693,348,600.0
124432,2025-02-26,1275,936,1260.0
124434,2025-02-19,4634,1380,5850.0
124434,2025-02-19,7103,2220,7800.0
124434,2025-02-19,4465,5100,5310.0
124434,2025-02-19,4989,1320,3840.0
124434,2025-02-19,1802,1140,1350.0
124434,2025-02-19,6809,1200,8625.0
124434,2025-02-19,5669,2580,5265.0
124434,2025-02-19,4282,1500,4050.0
124434,2025-02-19,6411,2160,6127.5
124434,2025-02-19,4303,2100,3240.0
124434,2025-02-19,4040,2040,3915.0
124434,2025-02-19,5993,3420,5130.0
124434,2025-02-19,3888,1860,2700.0
124434,2025-02-19,2500,660,2160.0
124434,2025-02-19,5526,2700,5250.0
124435,2025-03-05,653,234,871.0
124435,2025-03-05,1640,714,1870.0
124435,2025-03-05,524,297,660.8
124435,2025-03-05,708,265,560.0
124435,2025-03-05,87,48,60.0
124435,2025-03-05,1127,456,1487.5
124435,2025-03-05,3154,1326,3060.0
124435,2025-03-05,1389,588,1368.0
124435,2025-03-05,610,317,598.5
124435,2025-03-05,1079,404,848.0
124435,2025-03-05,530,279,522.0
124435,2025-03-05,1605,608,1422.0
124435,2025-03-05,960,384,697.5
124435,2025-03-05,291,100,248.0
124435,2025-03-05,527,233,510.0
124437,2025-02-26,2978,1529,3978.0
124437,2025-02-26,2794,1728,3195.0
124437,2025-02-26,2825,2232,3610.7999999999997
124437,2025-02-26,1688,990,1332.0
124437,2025-02-26,750,378,607.5
124437,2025-02-26,3062,2088,4050.0
124437,2025-02-26,2228,1764,2146.5
124437,2025-02-26,1530,1116,1498.5
124437,2025-02-26,2548,1602,2522.25
124437,2025-02-26,2218,1278,1728.0
124437,2025-02-26,1812,1602,1822.5
124437,2025-02-26,2107,1386,1863.0
124437,2025-02-26,1628,1044,1181.25
124437,2025-02-26,1453,954,1296.0
124437,2025-02-26,2474,1782,2430.0
124459,2025-02-26,6599,2723,8989.5
124459,2025-02-26,6466,3521,7530.0
124459,2025-02-26,7945,3732,10407.599999999999
124459,2025-02-26,5424,2908,4392.0
124459,2025-02-26,2367,1176,1957.5
124459,2025-02-26,6444,3077,8718.75
124459,2025-02-26,6946,3259,6885.0
124459,2025-02-26,4229,2181,4252.5
124459,2025-02-26,6768,3366,6840.0
124459,2025-02-26,7654,3300,6168.0
124459,2025-02-26,6507,2936,6709.5
124459,2025-02-26,6859,3191,6277.5
124459,2025-02-26,6056,2447,4500.0
124459,2025-02-26,3187,1656,2880.0
124459,2025-02-26,6605,3480,6690.0
124460,2025-02-26,6541,2724,8911.5
124460,2025-02-26,6117,3360,7125.0
124460,2025-02-26,7864,3672,10301.4
124460,2025-02-26,5305,2853,4296.0
124460,2025-02-26,2326,1074,1923.75
124460,2025-02-26,6250,2976,8456.25
124460,2025-02-26,6755,3186,6696.0
124460,2025-02-26,4108,2099,4131.0
124460,2025-02-26,6683,3287,6754.5
124460,2025-02-26,7505,3239,6048.0
124460,2025-02-26,6402,2880,6601.5
124460,2025-02-26,6814,3181,6237.0
124460,2025-02-26,5996,2441,4455.0
124460,2025-02-26,3160,1613,2856.0
124460,2025-02-26,6546,3438,6630.0
124518,2025-03-05,2904,1700,3770.0
124518,2025-03-05,2902,1747,3225.0
124518,2025-03-05,2768,2337,3451.5
124518,2025-03-05,1593,1208,1160.0
124518,2025-03-05,897,599,656.25
124518,2025-03-05,3335,2480,4312.5
124518,2025-03-05,2975,2029,2812.5
124518,2025-03-05,1563,927,1417.5
124518,2025-03-05,2438,1450,2327.5
124518,2025-03-05,2055,1400,1520.0
124518,2025-03-05,1782,1390,1710.0
124518,2025-03-05,1971,1360,1620.0
124518,2025-03-05,1707,830,1143.75
124518,2025-03-05,1133,610,920.0
124518,2025-03-05,2386,1670,2275.0
124519,2025-03-05,2329,1370,3113.5
124519,2025-03-05,2590,1173,2970.0
124519,2025-03-05,2450,1721,3144.7
124519,2025-03-05,1570,792,1254.0
124519,2025-03-05,714,378,570.0
124519,2025-03-05,2482,1691,3300.0
124519,2025-03-05,2239,1349,2178.0
124519,2025-03-05,1590,780,1572.75
124519,2025-03-05,1935,1214,1919.0
124519,2025-03-05,1637,1070,1274.0
124519,2025-03-05,1536,1045,1559.25
124519,2025-03-05,1636,973,1440.0
124519,2025-03-05,1486,789,1087.5
124519,2025-03-05,1044,539,934.0
124519,2025-03-05,2030,1367,2025.0
124523,2025-03-19,1174,676,1560.0
124523,2025-03-19,806,624,920.0
124523,2025-03-19,1093,768,1404.1999999999998
124523,2025-03-19,662,584,528.0
124523,2025-03-19,184,160,150.0
124523,2025-03-19,1376,952,1825.0
124523,2025-03-19,947,632,918.0
124523,2025-03-19,1012,660,999.0
124523,2025-03-19,689,501,684.0
124523,2025-03-19,471,364,368.0
124523,2025-03-19,631,544,639.0
124523,2025-03-19,650,598,576.0
124523,2025-03-19,515,328,375.0
124523,2025-03-19,604,426,544.0
124523,2025-03-19,1017,688,1010.0
124524,2025-03-19,1174,661,1560.0
124524,2025-03-19,736,564,840.0
124524,2025-03-19,1003,688,1286.2
124524,2025-03-19,602,524,480.0
124524,2025-03-19,172,136,135.0
124524,2025-03-19,1293,868,1712.5
124524,2025-03-19,872,580,846.0
124524,2025-03-19,902,596,891.0
124524,2025-03-19,650,441,646.0
124524,2025-03-19,451,320,352.0
124524,2025-03-19,604,483,612.0
124524,2025-03-19,540,498,477.0
124524,2025-03-19,464,280,337.5
124524,2025-03-19,649,412,584.0
124524,2025-03-19,1027,652,1020.0
124562,2025-03-12,1981,1160,2613.0
124562,2025-03-12,2091,1020,2330.0
124562,2025-03-12,1882,1150,2383.6
124562,2025-03-12,1489,628,1160.0
124562,2025-03-12,634,452,510.0
124562,2025-03-12,2159,1408,2825.0
124562,2025-03-12,1603,1147,1530.0
124562,2025-03-12,1245,402,1206.0
124562,2025-03-12,1822,820,1776.5
124562,2025-03-12,1350,876,1040.0
124562,2025-03-12,1259,716,1251.0
124562,2025-03-12,1389,808,1215.0
124562,2025-03-12,1121,416,802.5
124562,2025-03-12,1187,384,1048.0
124562,2025-03-12,3470,720,3350.0
124563,2025-03-12,3871,3924,4914.0
124563,2025-03-12,4611,4296,5100.0
124563,2025-03-12,3813,3780,4672.8
124563,2025-03-12,3366,3192,2568.0
124563,2025-03-12,1464,1007,1125.0
124563,2025-03-12,4690,4320,6000.0
124563,2025-03-12,3720,3552,3456.0
124563,2025-03-12,2724,2676,2565.0
124563,2025-03-12,3606,3492,3420.0
124563,2025-03-12,2978,2616,2208.0
124563,2025-03-12,2987,2664,2889.0
124563,2025-03-12,3092,3083,2619.0
124563,2025-03-12,2460,1932,1710.0
124563,2025-03-12,2396,2279,2040.0
124563,2025-03-12,3807,3840,3600.0
124623,2025-03-12,2101,1116,2808.0
124623,2025-03-12,2823,1416,3240.0
124623,2025-03-12,2391,1536,3079.7999999999997
124623,2025-03-12,1736,768,1392.0
124623,2025-03-12,644,444,517.5
124623,2025-03-12,2394,1332,3187.5
124623,2025-03-12,2238,1248,2187.0
124623,2025-03-12,2009,468,1998.0
124623,2025-03-12,1773,1054,1767.0
124623,2025-03-12,1981,900,1560.0
124623,2025-03-12,1307,840,1323.0
124623,2025-03-12,1962,1056,1755.0
124623,2025-03-12,1506,540,1102.5
124623,2025-03-12,1704,324,1536.0
124623,2025-03-12,2069,1236,2070.0
124627,2025-03-19,493,238,656.5
124627,2025-03-19,431,291,490.0
124627,2025-03-19,518,408,666.6999999999999
124627,2025-03-19,330,127,264.0
124627,2025-03-19,113,76,90.0
124627,2025-03-19,637,239,850.0
124627,2025-03-19,504,276,490.5
124627,2025-03-19,395,120,391.5
124627,2025-03-19,488,225,484.5
124627,2025-03-19,224,231,172.0
124627,2025-03-19,440,236,441.0
124627,2025-03-19,347,200,306.0
124627,2025-03-19,267,127,191.25
124627,2025-03-19,306,56,276.0
124627,2025-03-19,427,275,425.0
124628,2025-03-12,1634,792,2145.0
124628,2025-03-12,1743,912,1980.0
124628,2025-03-12,1644,1236,2088.6
124628,2025-03-12,1225,612,960.0
124628,2025-03-12,550,240,427.5
124628,2025-03-12,1680,996,2212.5
124628,2025-03-12,1442,792,1377.0
124628,2025-03-12,1280,384,1242.0
124628,2025-03-12,1433,780,1396.5
124628,2025-03-12,1060,624,792.0
124628,2025-03-12,1038,744,1026.0
124628,2025-03-12,1388,648,1215.0
124628,2025-03-12,1049,408,742.5
124628,2025-03-12,960,180,840.0
124628,2025-03-12,1535,828,1500.0
124629,2025-03-19,499,355,666.25
124629,2025-03-19,415,425,475.0
124629,2025-03-19,635,560,811.25
124629,2025-03-19,434,229,330.0
124629,2025-03-19,213,125,150.0
124629,2025-03-19,678,415,906.25
124629,2025-03-19,598,420,585.0
124629,2025-03-19,399,175,393.75
124629,2025-03-19,572,366,570.0
124629,2025-03-19,458,265,360.0
124629,2025-03-19,456,290,461.25
124629,2025-03-19,472,358,416.25
124629,2025-03-19,445,210,309.375
124629,2025-03-19,519,125,470.0
124629,2025-03-19,423,370,400.0
124630,2025-03-26,914,528,1215.5
124630,2025-03-26,1079,542,1235.0
124630,2025-03-26,856,844,1085.6
124630,2025-03-26,798,382,636.0
124630,2025-03-26,317,170,228.75
124630,2025-03-26,1153,793,1525.0
124630,2025-03-26,826,624,801.0
124630,2025-03-26,632,222,625.5
124630,2025-03-26,792,558,783.75
124630,2025-03-26,655,516,500.0
124630,2025-03-26,690,498,697.5
124630,2025-03-26,674,513,598.5
124630,2025-03-26,519,320,371.25
124630,2025-03-26,489,270,428.0
124630,2025-03-26,967,618,960.0
124631,2025-03-12,1654,540,2210.0
124631,2025-03-12,3664,1420,4200.0
124631,2025-03-12,1841,1060,2360.0
124631,2025-03-12,1950,570,1560.0
124631,2025-03-12,1116,230,918.75
124631,2025-03-12,3485,700,4625.0
124631,2025-03-12,2125,1100,2070.0
124631,2025-03-12,1725,170,1710.0
124631,2025-03-12,1271,700,1258.75
124631,2025-03-12,3023,140,2380.0
124631,2025-03-12,1968,1020,2002.5
124631,2025-03-12,1365,830,1215.0
124631,2025-03-12,1440,720,1050.0
124631,2025-03-12,1422,650,1280.0
124631,2025-03-12,1357,1120,1350.0
124632,2025-03-12,792,806,1014.0
124632,2025-03-12,1876,676,2145.0
124632,2025-03-12,1705,1027,2185.95
124632,2025-03-12,1152,598,910.0
124632,2025-03-12,554,468,438.75
124632,2025-03-12,1608,1339,2112.5
124632,2025-03-12,1573,896,1521.0
124632,2025-03-12,1249,364,1228.5
124632,2025-03-12,1407,663,1389.375
124632,2025-03-12,1259,832,988.0
124632,2025-03-12,926,572,906.75
124632,2025-03-12,1452,845,1287.0
124632,2025-03-12,1243,494,901.875
124632,2025-03-12,1022,533,910.0
124632,2025-03-12,809,702,780.0
124633,2025-03-12,2109,1308,2808.0
124633,2025-03-12,4374,1680,5010.0
124633,2025-03-12,2250,2172,2867.3999999999996
124633,2025-03-12,2402,1020,1920.0
124633,2025-03-12,1286,492,1057.5
124633,2025-03-12,4272,1548,5662.5
124633,2025-03-12,2605,1548,2538.0
124633,2025-03-12,2129,288,2106.0
124633,2025-03-12,1617,1272,1596.0
124633,2025-03-12,3323,852,2616.0
124633,2025-03-12,2498,1416,2538.0
124633,2025-03-12,1698,1128,1512.0
124633,2025-03-12,1662,816,1215.0
124633,2025-03-12,1679,264,1512.0
124633,2025-03-12,1670,1464,1650.0
124686,2025-03-19,1949,1220,2600.0
124686,2025-03-19,4066,1790,4650.0
124686,2025-03-19,1910,1540,2448.5
124686,2025-03-19,1426,1100,1140.0
124686,2025-03-19,654,350,525.0
124686,2025-03-19,4522,1970,6031.25
124686,2025-03-19,2033,1560,1980.0
124686,2025-03-19,1862,1000,1845.0
124686,2025-03-19,1552,1040,1543.75
124686,2025-03-19,1889,1430,1480.0
124686,2025-03-19,1680,1270,1710.0
124686,2025-03-19,1638,1280,1462.5
124686,2025-03-19,1028,760,750.0
124686,2025-03-19,2442,620,2200.0
124686,2025-03-19,1651,1250,1650.0
124765,2025-04-02,8206,3516,11154.0
124765,2025-04-02,6544,3630,7605.0
124765,2025-04-02,9101,4074,11894.4
124765,2025-04-02,6220,1986,5040.0
124765,2025-04-02,2360,1129,1946.25
124765,2025-04-02,8068,3912,10893.75
124765,2025-04-02,7234,3408,7155.0
124765,2025-04-02,4960,1770,4981.5
124765,2025-04-02,8079,3156,8151.0
124765,2025-04-02,8638,2154,6936.0
124765,2025-04-02,5727,2850,5886.0
124765,2025-04-02,8116,2334,7411.5
124765,2025-04-02,6453,1644,4792.5
124765,2025-04-02,4270,1290,3888.0
124765,2025-04-02,8270,4110,8385.0
124766,2025-04-02,7747,3234,10530.0
124766,2025-04-02,6117,3402,7110.0
124766,2025-04-02,8803,3894,11505.0
124766,2025-04-02,5990,1932,4848.0
124766,2025-04-02,2126,1038,1755.0
124766,2025-04-02,7707,3678,10406.25
124766,2025-04-02,6851,3384,6777.0
124766,2025-04-02,4745,1806,4765.5
124766,2025-04-02,7825,3060,7894.5
124766,2025-04-02,8294,2100,6660.0
124766,2025-04-02,5530,2748,5683.5
124766,2025-04-02,7835,2268,7155.0
124766,2025-04-02,6317,1518,4691.25
124766,2025-04-02,3943,1302,3576.0
124766,2025-04-02,8122,3972,8235.0
124767,2025-03-26,1665,860,2177.5
124767,2025-03-26,1657,1110,1875.0
124767,2025-03-26,1821,1490,2301.0
124767,2025-03-26,1277,670,1000.0
124767,2025-03-26,561,290,356.25
124767,2025-03-26,1845,1330,2406.25
124767,2025-03-26,1568,1130,1507.5
124767,2025-03-26,1252,580,1215.0
124767,2025-03-26,1428,980,1401.25
124767,2025-03-26,1062,840,800.0
124767,2025-03-26,1282,840,1282.5
124767,2025-03-26,1397,960,1215.0
124767,2025-03-26,1008,570,712.5
124767,2025-03-26,975,370,860.0
124767,2025-03-26,1483,1100,1450.0
124768,2025-03-26,5578,3012,7410.0
124768,2025-03-26,6597,3204,7650.0
124768,2025-03-26,5987,4764,7752.599999999999
124768,2025-03-26,3917,2592,3096.0
124768,2025-03-26,1384,1150,1080.0
124768,2025-03-26,6188,4152,8287.5
124768,2025-03-26,6012,3564,5886.0
124768,2025-03-26,3628,1872,3564.0
124768,2025-03-26,4871,3216,4816.5
124768,2025-03-26,4289,2676,3336.0
124768,2025-03-26,4227,3108,4266.0
124768,2025-03-26,4715,3060,4212.0
124768,2025-03-26,3386,1692,2452.5
124768,2025-03-26,3389,1428,3024.0
124768,2025-03-26,4816,4020,4770.0
124769,2025-03-26,8070,4710,10920.0
124769,2025-03-26,10636,5205,12337.5
124769,2025-03-26,8429,6900,11018.25
124769,2025-03-26,6087,3810,4830.0
124769,2025-03-26,2115,1605,1715.625
124769,2025-03-26,9876,6735,13359.375
124769,2025-03-26,9034,5745,8910.0
124769,2025-03-26,5207,2733,5130.0
124769,2025-03-26,8106,4635,8122.5
124769,2025-03-26,6727,4200,5280.0
124769,2025-03-26,6439,4365,6581.25
124769,2025-03-26,7417,4125,6716.25
124769,2025-03-26,5047,3060,3684.375
124769,2025-03-26,5130,2175,4590.0
124769,2025-03-26,7744,5715,7800.0
124770,2025-03-26,2862,1632,3822.0
124770,2025-03-26,3751,1848,4290.0
124770,2025-03-26,3364,2676,4318.8
124770,2025-03-26,2640,1260,2112.0
124770,2025-03-26,956,528,787.5
124770,2025-03-26,3167,2460,4200.0
124770,2025-03-26,3690,1776,3591.0
124770,2025-03-26,1911,756,1890.0
124770,2025-03-26,3127,1608,3106.5
124770,2025-03-26,2741,1440,2160.0
124770,2025-03-26,2181,1560,2214.0
124770,2025-03-26,2453,1584,2187.0
124770,2025-03-26,1725,804,1260.0
124770,2025-03-26,1629,648,1464.0
124770,2025-03-26,2859,2076,2850.0
124778,2025-04-09,1123,398,1482.0
124778,2025-04-09,661,509,755.0
124778,2025-04-09,1196,621,1516.3
124778,2025-04-09,532,260,420.0
124778,2025-04-09,285,268,236.25
124778,2025-04-09,960,555,1250.0
124778,2025-04-09,710,470,688.5
124778,2025-04-09,475,274,468.0
124778,2025-04-09,686,399,679.25
124778,2025-04-09,465,392,364.0
124778,2025-04-09,775,457,783.0
124778,2025-04-09,557,348,490.5
124778,2025-04-09,308,138,225.0
124778,2025-04-09,381,109,340.0
124778,2025-04-09,937,489,925.0
124780,2025-03-26,2929,2760,3666.0
124780,2025-03-26,3387,3168,3630.0
124780,2025-03-26,3292,2796,3964.7999999999997
124780,2025-03-26,2024,2280,1440.0
124780,2025-03-26,986,792,742.5
124780,2025-03-26,3647,3420,4575.0
124780,2025-03-26,3159,2892,2835.0
124780,2025-03-26,1933,1776,1755.0
124780,2025-03-26,3136,2748,2878.5
124780,2025-03-26,2052,2028,1440.0
124780,2025-03-26,2230,2160,2052.0
124780,2025-03-26,2139,2520,1674.0
124780,2025-03-26,1329,1284,877.5
124780,2025-03-26,1751,1644,1416.0
124780,2025-03-26,2873,2712,2640.0
124781,2025-03-28,3049,3036,3861.0
124781,2025-03-28,3468,3096,3810.0
124781,2025-03-28,3038,2880,3681.6
124781,2025-03-28,2227,2232,1656.0
124781,2025-03-28,1025,888,787.5
124781,2025-03-28,3789,3395,4837.5
124781,2025-03-28,3001,2796,2754.0
124781,2025-03-28,1899,1788,1755.0
124781,2025-03-28,2684,2292,2508.0
124781,2025-03-28,1893,2244,1320.0
124781,2025-03-28,2223,2268,2106.0
124781,2025-03-28,2422,2556,1998.0
124781,2025-03-28,1306,1368,877.5
124781,2025-03-28,1383,1536,1152.0
124781,2025-03-28,2841,2760,2670.0
124786,2025-03-26,1284,534,1716.0
124786,2025-03-26,1556,900,1785.0
124786,2025-03-26,1352,984,1734.6
124786,2025-03-26,1065,666,852.0
124786,2025-03-26,420,252,337.5
124786,2025-03-26,1413,834,1875.0
124786,2025-03-26,1233,720,1201.5
124786,2025-03-26,885,282,877.5
124786,2025-03-26,1191,660,1182.75
124786,2025-03-26,808,582,624.0
124786,2025-03-26,890,605,904.5
124786,2025-03-26,1065,597,945.0
124786,2025-03-26,676,426,495.0
124786,2025-03-26,878,168,792.0
124786,2025-03-26,1126,780,1125.0
124787,2025-03-26,1152,540,1540.5
124787,2025-03-26,1400,714,1605.0
124787,2025-03-26,1337,870,1716.8999999999999
124787,2025-03-26,943,552,756.0
124787,2025-03-26,405,276,326.25
124787,2025-03-26,1302,858,1725.0
124787,2025-03-26,1150,660,1120.5
124787,2025-03-26,829,226,823.5
124787,2025-03-26,1061,582,1054.5
124787,2025-03-26,727,516,564.0
124787,2025-03-26,809,534,823.5
124787,2025-03-26,943,525,837.0
124787,2025-03-26,536,414,393.75
124787,2025-03-26,758,151,684.0
124787,2025-03-26,1034,750,1035.0
124789,2025-03-26,3190,1950,4225.0
124789,2025-03-26,2425,1770,2750.0
124789,2025-03-26,2414,1900,3068.0
124789,2025-03-26,2500,1150,1960.0
124789,2025-03-26,625,450,487.5
124789,2025-03-26,2708,1910,3562.5
124789,2025-03-26,2480,1860,2385.0
124789,2025-03-26,2051,779,2002.5
124789,2025-03-26,1948,1580,1900.0
124789,2025-03-26,1598,1250,1240.0
124789,2025-03-26,1485,1330,1485.0
124789,2025-03-26,1927,1320,1687.5
124789,2025-03-26,1409,660,1012.5
124789,2025-03-26,1216,760,1080.0
124789,2025-03-26,2652,1670,2625.0
124791,2025-04-04,1090,320,1417.0
124791,2025-04-04,1054,476,1200.0
124791,2025-04-04,1276,800,1628.3999999999999
124791,2025-04-04,760,234,600.0
124791,2025-04-04,301,116,247.5
124791,2025-04-04,1624,459,2112.5
124791,2025-04-04,1298,574,1251.0
124791,2025-04-04,768,168,756.0
124791,2025-04-04,1153,512,1140.0
124791,2025-04-04,895,390,704.0
124791,2025-04-04,879,451,882.0
124791,2025-04-04,906,404,792.0
124791,2025-04-04,736,284,532.5
124791,2025-04-04,851,160,760.0
124791,2025-04-04,1314,552,1310.0
124792,2025-04-02,273,282,360.75
124792,2025-04-02,334,279,382.5
124792,2025-04-02,464,369,601.8
124792,2025-04-02,255,183,198.0
124792,2025-04-02,156,108,123.75
124792,2025-04-02,507,399,675.0
124792,2025-04-02,372,256,364.5
124792,2025-04-02,232,177,222.75
124792,2025-04-02,357,267,356.25
124792,2025-04-02,289,219,228.0
124792,2025-04-02,233,228,236.25
124792,2025-04-02,283,246,249.75
124792,2025-04-02,254,198,180.0
124792,2025-04-02,409,96,372.0
124792,2025-04-02,410,270,412.5
124834,2025-03-26,648,648,760.5
124834,2025-03-26,648,1092,525.0
124834,2025-03-26,628,1056,548.6999999999999
124834,2025-03-26,703,798,408.0
124834,2025-03-26,261,204,123.75
124834,2025-03-26,515,750,450.0
124834,2025-03-26,549,900,351.0
124834,2025-03-26,385,618,243.0
124834,2025-03-26,574,654,384.75
124834,2025-03-26,984,1578,660.0
124834,2025-03-26,233,300,81.0
124834,2025-03-26,567,960,337.5
124834,2025-03-26,618,816,326.25
124834,2025-03-26,249,498,120.0
124834,2025-03-26,595,768,405.0
124931,2025-04-09,22088,5780,30095.0
124931,2025-04-09,6958,4600,8000.0
124931,2025-04-09,15207,7980,19942.0
124931,2025-04-09,8524,4520,6840.0
124931,2025-04-09,2437,1380,1987.5
124931,2025-04-09,15193,7720,20562.5
124931,2025-04-09,10285,5420,10125.0
124931,2025-04-09,3886,2480,3825.0
124931,2025-04-09,13186,5740,13347.5
124931,2025-04-09,14839,5020,11960.0
124931,2025-04-09,12110,5289,12510.0
124931,2025-04-09,8432,4280,7605.0
124931,2025-04-09,9611,3960,7087.5
124931,2025-04-09,5261,2560,4720.0
124931,2025-04-09,13472,8140,13700.0
124953,2025-04-09,943,468,1228.5
124953,2025-04-09,762,528,870.0
124953,2025-04-09,1016,762,1274.3999999999999
124953,2025-04-09,650,300,516.0
124953,2025-04-09,218,186,180.0
124953,2025-04-09,901,906,1162.5
124953,2025-04-09,880,444,850.5
124953,2025-04-09,537,348,526.5
124953,2025-04-09,765,450,755.25
124953,2025-04-09,498,384,384.0
124953,2025-04-09,685,450,688.5
124953,2025-04-09,670,348,594.0
124953,2025-04-09,436,246,315.0
124953,2025-04-09,484,156,432.0
124953,2025-04-09,789,594,780.0
124954,2025-04-09,913,390,1189.5
124954,2025-04-09,735,582,840.0
124954,2025-04-09,1040,792,1309.8
124954,2025-04-09,605,336,480.0
124954,2025-04-09,172,108,135.0
124954,2025-04-09,842,846,1087.5
124954,2025-04-09,753,492,729.0
124954,2025-04-09,565,318,553.5
124954,2025-04-09,737,480,726.75
124954,2025-04-09,498,384,384.0
124954,2025-04-09,699,438,702.0
124954,2025-04-09,624,330,553.5
124954,2025-04-09,404,234,292.5
124954,2025-04-09,470,186,420.0
124954,2025-04-09,757,588,750.0
124972,2025-04-09,653,252,825.5
124972,2025-04-09,370,291,410.0
124972,2025-04-09,694,360,867.3
124972,2025-04-09,244,200,192.0
124972,2025-04-09,127,100,105.0
124972,2025-04-09,588,380,743.75
124972,2025-04-09,474,228,450.0
124972,2025-04-09,259,174,252.0
124972,2025-04-09,485,226,470.25
124972,2025-04-09,297,206,232.0
124972,2025-04-09,571,282,567.0
124972,2025-04-09,280,190,243.0
124972,2025-04-09,220,148,157.5
124972,2025-04-09,258,86,228.0
124972,2025-04-09,601,300,580.0
124973,2025-04-16,2731,1632,3588.0
124973,2025-04-16,2946,1332,3330.0
124973,2025-04-16,3189,2544,4035.6
124973,2025-04-16,2045,912,1608.0
124973,2025-04-16,955,648,765.0
124973,2025-04-16,3643,1944,4762.5
124973,2025-04-16,2839,1860,2727.0
124973,2025-04-16,1636,948,1593.0
124973,2025-04-16,2587,1368,2536.5
124973,2025-04-16,1797,1344,1392.0
124973,2025-04-16,2963,1512,2970.0
124973,2025-04-16,1496,1428,1296.0
124973,2025-04-16,1569,912,1125.0
124973,2025-04-16,1656,708,1464.0
124973,2025-04-16,3039,1608,2970.0
124976,2025-04-09,772,518,1014.0
124976,2025-04-09,632,524,715.0
124976,2025-04-09,885,682,1126.8999999999999
124976,2025-04-09,406,340,316.0
124976,2025-04-09,225,152,183.75
124976,2025-04-09,773,734,1012.5
124976,2025-04-09,807,455,774.0
124976,2025-04-09,399,314,387.0
124976,2025-04-09,646,436,636.5
124976,2025-04-09,505,356,392.0
124976,2025-04-09,651,359,652.5
124976,2025-04-09,481,410,414.0
124976,2025-04-09,295,204,210.0
124976,2025-04-09,418,198,368.0
124976,2025-04-09,755,568,745.0
124977,2025-04-02,1835,948,2418.0
124977,2025-04-02,2419,1476,2730.0
124977,2025-04-02,2039,2064,2548.7999999999997
124977,2025-04-02,1656,492,1296.0
124977,2025-04-02,509,516,405.0
124977,2025-04-02,2231,1440,2887.5
124977,2025-04-02,1828,1080,1755.0
124977,2025-04-02,1551,732,1512.0
124977,2025-04-02,2141,1164,2080.5
124977,2025-04-02,1208,768,936.0
124977,2025-04-02,1751,1068,1755.0
124977,2025-04-02,1484,552,1296.0
124977,2025-04-02,1001,612,720.0
124977,2025-04-02,1142,348,1008.0
124977,2025-04-02,1778,1668,1740.0
124979,2025-04-09,1154,1096,1521.0
124979,2025-04-09,2129,680,2440.0
124979,2025-04-09,1947,1195,2489.7999999999997
124979,2025-04-09,1341,528,1072.0
124979,2025-04-09,581,316,480.0
124979,2025-04-09,1833,1556,2412.5
124979,2025-04-09,1571,940,1530.0
124979,2025-04-09,1120,408,1107.0
124979,2025-04-09,1736,676,1719.5
124979,2025-04-09,1424,688,1128.0
124979,2025-04-09,1463,812,1485.0
124979,2025-04-09,1540,804,1377.0
124979,2025-04-09,879,511,645.0
124979,2025-04-09,1172,192,1056.0
124979,2025-04-09,1655,1120,1650.0
124980,2025-04-09,1089,384,1456.0
124980,2025-04-09,421,168,485.0
124980,2025-04-09,572,335,737.5
124980,2025-04-09,363,144,292.0
124980,2025-04-09,179,72,150.0
124980,2025-04-09,625,213,831.25
124980,2025-04-09,442,168,432.0
124980,2025-04-09,634,240,625.5
124980,2025-04-09,438,240,437.0
124980,2025-04-09,322,96,256.0
124980,2025-04-09,387,144,391.5
124980,2025-04-09,203,72,180.0
124980,2025-04-09,111,47,82.5
124980,2025-04-09,213,96,196.0
124980,2025-04-09,684,240,685.0
124981,2025-04-09,7937,3580,10465.0
124981,2025-04-09,7022,3660,7900.0
124981,2025-04-09,7604,4240,9617.0
124981,2025-04-09,4576,2780,3560.0
124981,2025-04-09,2017,1040,1612.5
124981,2025-04-09,7550,4180,9875.0
124981,2025-04-09,5809,3300,5535.0
124981,2025-04-09,2483,1700,2385.0
124981,2025-04-09,3437,2400,3325.0
124981,2025-04-09,8834,2260,6880.0
124981,2025-04-09,5035,2840,4995.0
124981,2025-04-09,5317,3120,4635.0
124981,2025-04-09,2277,1380,1612.5
124981,2025-04-09,2835,1760,2480.0
124981,2025-04-09,4609,2740,4500.0
124993,2025-04-09,850,324,1092.0
124993,2025-04-09,1297,552,1470.0
124993,2025-04-09,1547,660,1947.0
124993,2025-04-09,977,480,768.0
124993,2025-04-09,289,192,202.5
124993,2025-04-09,1300,948,1687.5
124993,2025-04-09,1178,600,1134.0
124993,2025-04-09,1020,264,999.0
124993,2025-04-09,1042,576,1026.0
124993,2025-04-09,1167,288,912.0
124993,2025-04-09,1101,456,1107.0
124993,2025-04-09,1128,564,999.0
124993,2025-04-09,480,264,337.5
124993,2025-04-09,546,192,480.0
124993,2025-04-09,1096,900,1080.0
125003,2025-04-09,4141,3768,5499.0
125003,2025-04-09,5374,3516,6240.0
125003,2025-04-09,4488,3228,5770.2
125003,2025-04-09,2319,1824,1848.0
125003,2025-04-09,695,516,562.5
125003,2025-04-09,5058,4032,6712.5
125003,2025-04-09,3751,2760,3645.0
125003,2025-04-09,2649,1980,2619.0
125003,2025-04-09,2925,2364,2907.0
125003,2025-04-09,3710,2148,2928.0
125003,2025-04-09,3567,2460,3618.0
125003,2025-04-09,3117,2268,2781.0
125003,2025-04-09,3538,1836,2587.5
125003,2025-04-09,2404,1752,2160.0
125003,2025-04-09,4550,3072,4530.0
125004,2025-04-09,3191,2400,4192.5
125004,2025-04-09,4026,2580,4575.0
125004,2025-04-09,3919,2510,4985.5
125004,2025-04-09,1615,1130,1280.0
125004,2025-04-09,792,460,600.0
125004,2025-04-09,3948,2830,5187.5
125004,2025-04-09,2754,2060,2655.0
125004,2025-04-09,2070,1420,2025.0
125004,2025-04-09,2326,1690,2280.0
125004,2025-04-09,2744,1530,2140.0
125004,2025-04-09,2724,1840,2745.0
125004,2025-04-09,2585,1700,2272.5
125004,2025-04-09,2666,1350,1931.25
125004,2025-04-09,1775,1140,1580.0
125004,2025-04-09,3241,2080,3200.0
125005,2025-04-09,3048,2250,3997.5
125005,2025-04-09,5813,2040,6600.0
125005,2025-04-09,3772,2940,4779.0
125005,2025-04-09,3036,1740,2400.0
125005,2025-04-09,1593,660,1181.25
125005,2025-04-09,4707,3660,6187.5
125005,2025-04-09,4134,3270,3982.5
125005,2025-04-09,3930,1620,3847.5
125005,2025-04-09,3625,2220,3562.5
125005,2025-04-09,3516,2070,2760.0
125005,2025-04-09,4165,2100,4185.0
125005,2025-04-09,4335,1860,3847.5
125005,2025-04-09,3488,900,2531.25
125005,2025-04-09,2837,1440,2520.0
125005,2025-04-09,4554,3030,4500.0
125006,2025-04-09,1077,1170,1332.5
125006,2025-04-09,2398,1060,2725.0
125006,2025-04-09,2319,1710,2950.0
125006,2025-04-09,1736,590,1380.0
125006,2025-04-09,717,330,543.75
125006,2025-04-09,2111,2040,2750.0
125006,2025-04-09,1791,1290,1732.5
125006,2025-04-09,1491,510,1462.5
125006,2025-04-09,2196,1040,2161.25
125006,2025-04-09,1563,840,1220.0
125006,2025-04-09,1671,960,1687.5
125006,2025-04-09,1675,910,1485.0
125006,2025-04-09,1109,560,787.5
125006,2025-04-09,1103,480,960.0
125006,2025-04-09,1871,1370,1850.0
125083,2025-04-16,7661,4460,10140.0
125083,2025-04-16,8349,4800,9550.0
125083,2025-04-16,8285,7920,10502.0
125083,2025-04-16,5482,3700,4320.0
125083,2025-04-16,1979,2020,1575.0
125083,2025-04-16,9407,5760,12500.0
125083,2025-04-16,7638,5280,7380.0
125083,2025-04-16,4185,2300,4050.0
125083,2025-04-16,6713,4440,6602.5
125083,2025-04-16,4754,4020,3680.0
125083,2025-04-16,7563,4180,7605.0
125083,2025-04-16,4646,3520,4050.0
125083,2025-04-16,3710,2840,2662.5
125083,2025-04-16,4476,1940,3960.0
125083,2025-04-16,7607,5500,7450.0
125120,2025-04-16,1313,840,1716.0
125120,2025-04-16,1741,840,1980.0
125120,2025-04-16,2054,1596,2619.6
125120,2025-04-16,1044,696,816.0
125120,2025-04-16,421,264,315.0
125120,2025-04-16,1584,1332,2062.5
125120,2025-04-16,1645,996,1593.0
125120,2025-04-16,1129,456,1107.0
125120,2025-04-16,1601,816,1567.5
125120,2025-04-16,1262,732,984.0
125120,2025-04-16,1179,1032,1188.0
125120,2025-04-16,1063,648,945.0
125120,2025-04-16,1005,396,720.0
125120,2025-04-16,970,300,864.0
125120,2025-04-16,1366,1032,1350.0
125212,2025-04-23,991,1063,1235.0
125212,2025-04-23,1077,1048,1195.0
125212,2025-04-23,1264,1153,1569.3999999999999
125212,2025-04-23,762,714,580.0
125212,2025-04-23,297,255,236.25
125212,2025-04-23,1201,1212,1531.25
125212,2025-04-23,1003,1012,945.0
125212,2025-04-23,634,650,603.0
125212,2025-04-23,952,846,916.75
125212,2025-04-23,894,720,676.0
125212,2025-04-23,941,948,922.5
125212,2025-04-23,839,868,706.5
125212,2025-04-23,465,484,318.75
125212,2025-04-23,728,676,628.0
125212,2025-04-23,1000,965,970.0
125216,2025-04-23,22139,12400,30108.0
125216,2025-04-23,27344,15087,31960.0
125216,2025-04-23,27762,14752,36485.6
125216,2025-04-23,20798,10112,16960.0
125216,2025-04-23,7519,3872,6300.0
125216,2025-04-23,22762,14800,30750.0
125216,2025-04-23,18899,11776,18792.0
125216,2025-04-23,15318,8944,15480.0
125216,2025-04-23,24095,12736,24434.0
125216,2025-04-23,24141,10176,19488.0
125216,2025-04-23,22521,12693,23292.0
125216,2025-04-23,26134,11392,23796.0
125216,2025-04-23,18000,7664,13440.0
125216,2025-04-23,10991,7216,10080.0
125216,2025-04-23,25436,13712,25880.0
125218,2025-04-23,359,190,487.5
125218,2025-04-23,519,185,600.0
125218,2025-04-23,484,248,628.35
125218,2025-04-23,354,125,288.0
125218,2025-04-23,101,48,84.375
125218,2025-04-23,427,255,571.875
125218,2025-04-23,347,176,344.25
125218,2025-04-23,300,120,303.75
125218,2025-04-23,418,165,420.375
125218,2025-04-23,407,140,324.0
125218,2025-04-23,357,150,364.5
125218,2025-04-23,415,152,371.25
125218,2025-04-23,235,109,174.375
125218,2025-04-23,300,88,276.0
125218,2025-04-23,339,197,345.0
125219,2025-04-23,366,190,497.25
125219,2025-04-23,487,185,562.5
125219,2025-04-23,458,248,592.9499999999999
125219,2025-04-23,302,127,246.0
125219,2025-04-23,108,48,90.0
125219,2025-04-23,405,253,543.75
125219,2025-04-23,354,175,351.0
125219,2025-04-23,300,118,303.75
125219,2025-04-23,403,165,406.125
125219,2025-04-23,454,140,360.0
125219,2025-04-23,384,150,391.5
125219,2025-04-23,384,151,344.25
125219,2025-04-23,235,110,174.375
125219,2025-04-23,300,89,276.0
125219,2025-04-23,339,199,345.0
125232,2025-04-23,1475,492,1950.0
125232,2025-04-23,2214,1224,2520.0
125232,2025-04-23,2362,611,3009.0
125232,2025-04-23,1602,708,1272.0
125232,2025-04-23,783,276,607.5
125232,2025-04-23,2425,732,3187.5
125232,2025-04-23,1954,528,1890.0
125232,2025-04-23,1319,84,1296.0
125232,2025-04-23,1733,780,1710.0
125232,2025-04-23,1602,864,1248.0
125232,2025-04-23,1580,228,1593.0
125232,2025-04-23,1759,816,1566.0
125232,2025-04-23,1084,564,787.5
125232,2025-04-23,1372,48,1224.0
125232,2025-04-23,1818,948,1800.0
125239,2025-04-23,718,326,962.0
125239,2025-04-23,652,374,750.0
125239,2025-04-23,704,579,908.5999999999999
125239,2025-04-23,448,284,356.0
125239,2025-04-23,247,152,206.25
125239,2025-04-23,873,458,1156.25
125239,2025-04-23,571,418,558.0
125239,2025-04-23,477,106,472.5
125239,2025-04-23,729,442,726.75
125239,2025-04-23,409,388,320.0
125239,2025-04-23,517,364,526.5
125239,2025-04-23,609,342,540.0
125239,2025-04-23,344,204,251.25
125239,2025-04-23,388,112,348.0
125239,2025-04-23,532,418,535.0
125279,2025-04-30,2808,1494,3773.25
125279,2025-04-30,2827,2016,3262.5
125279,2025-04-30,3076,2358,3982.5
125279,2025-04-30,2138,1323,1710.0
125279,2025-04-30,840,567,691.875
125279,2025-04-30,3138,2511,4190.625
125279,2025-04-30,2421,1890,2369.25
125279,2025-04-30,1680,1008,1660.5
125279,2025-04-30,2042,1593,2030.625
125279,2025-04-30,1523,990,1206.0
125279,2025-04-30,2533,1818,2592.0
125279,2025-04-30,2065,1395,1842.75
125279,2025-04-30,1252,837,911.25
125279,2025-04-30,1647,828,1476.0
125279,2025-04-30,2752,1863,2767.5
125309,2025-04-30,2585,2495,3276.0
125309,2025-04-30,2247,2015,2460.0
125309,2025-04-30,2023,2004,2478.0
125309,2025-04-30,1397,1560,1008.0
125309,2025-04-30,745,660,585.0
125309,2025-04-30,2088,2195,2625.0
125309,2025-04-30,1783,1764,1647.0
125309,2025-04-30,1051,924,972.0
125309,2025-04-30,1603,1572,1482.0
125309,2025-04-30,1257,1319,912.0
125309,2025-04-30,1943,1884,1890.0
125309,2025-04-30,1508,1511,1269.0
125309,2025-04-30,1041,816,720.0
125309,2025-04-30,1205,912,1008.0
125309,2025-04-30,2270,2074,2160.0
125310,2025-04-30,2187,2136,2769.0
125310,2025-04-30,1943,1631,2130.0
125310,2025-04-30,1629,1584,1947.0
125310,2025-04-30,1325,1308,960.0
125310,2025-04-30,631,456,495.0
125310,2025-04-30,1860,1764,2325.0
125310,2025-04-30,1339,1296,1215.0
125310,2025-04-30,895,888,837.0
125310,2025-04-30,1292,1344,1168.5
125310,2025-04-30,1077,1092,792.0
125310,2025-04-30,1600,1476,1539.0
125310,2025-04-30,1174,1248,972.0
125310,2025-04-30,814,684,562.5
125310,2025-04-30,931,744,792.0
125310,2025-04-30,2112,1799,2010.0
125318,2025-04-30,4769,2652,6357.0
125318,2025-04-30,4420,2736,5010.0
125318,2025-04-30,4397,3672,5628.599999999999
125318,2025-04-30,2965,1812,2352.0
125318,2025-04-30,885,768,720.0
125318,2025-04-30,4564,3540,6037.5
125318,2025-04-30,3474,2868,3348.0
125318,2025-04-30,2090,1608,2052.0
125318,2025-04-30,2987,2640,2935.5
125318,2025-04-30,3516,2388,2760.0
125318,2025-04-30,3570,2460,3591.0
125318,2025-04-30,3850,2172,3429.0
125318,2025-04-30,2572,876,1867.5
125318,2025-04-30,1880,960,1680.0
125318,2025-04-30,4133,3696,4080.0
125319,2025-04-30,4512,2508,6006.0
125319,2025-04-30,4006,2436,4560.0
125319,2025-04-30,4425,3504,5664.0
125319,2025-04-30,2722,1644,2160.0
125319,2025-04-30,804,672,652.5
125319,2025-04-30,4428,3312,5850.0
125319,2025-04-30,3306,2736,3186.0
125319,2025-04-30,2063,1728,2025.0
125319,2025-04-30,3016,2784,2964.0
125319,2025-04-30,3301,2400,2592.0
125319,2025-04-30,3516,2412,3537.0
125319,2025-04-30,3619,2004,3213.0
125319,2025-04-30,2418,1260,1755.0
125319,2025-04-30,1745,1272,1560.0
125319,2025-04-30,3892,3552,3840.0
125320,2025-04-30,3143,2997,4095.0
125320,2025-04-30,4095,2358,4657.5
125320,2025-04-30,3622,3258,4566.599999999999
125320,2025-04-30,2740,1656,2142.0
125320,2025-04-30,991,792,793.125
125320,2025-04-30,4134,3501,5428.125
125320,2025-04-30,3826,2961,3645.0
125320,2025-04-30,2259,1926,2187.0
125320,2025-04-30,2621,2484,2543.625
125320,2025-04-30,2691,2214,2070.0
125320,2025-04-30,2993,2295,2976.75
125320,2025-04-30,3142,2097,2774.25
125320,2025-04-30,2276,1314,1636.875
125320,2025-04-30,2106,1845,1854.0
125320,2025-04-30,3026,2907,2925.0
125321,2025-04-30,1194,950,1560.0
125321,2025-04-30,1188,920,1350.0
125321,2025-04-30,1414,1110,1799.5
125321,2025-04-30,937,640,740.0
125321,2025-04-30,412,230,318.75
125321,2025-04-30,1267,950,1656.25
125321,2025-04-30,961,730,922.5
125321,2025-04-30,732,590,697.5
125321,2025-04-30,921,570,902.5
125321,2025-04-30,907,680,700.0
125321,2025-04-30,1382,700,1395.0
125321,2025-04-30,916,670,810.0
125321,2025-04-30,660,430,468.75
125321,2025-04-30,766,480,660.0
125321,2025-04-30,1161,800,1150.0
125322,2025-04-30,1000,918,1287.0
125322,2025-04-30,1581,1079,1800.0
125322,2025-04-30,1327,1206,1646.1
125322,2025-04-30,1203,1116,936.0
125322,2025-04-30,517,342,405.0
125322,2025-04-30,1107,1152,1406.25
125322,2025-04-30,1157,1152,1093.5
125322,2025-04-30,1444,1206,1417.5
125322,2025-04-30,1488,1116,1453.5
125322,2025-04-30,1451,1368,1116.0
125322,2025-04-30,1110,1008,1093.5
125322,2025-04-30,1344,1008,1174.5
125322,2025-04-30,1036,774,742.5
125322,2025-04-30,945,792,828.0
125322,2025-04-30,1020,792,990.0
125323,2025-04-30,978,459,1287.0
125323,2025-04-30,929,756,1057.5
125323,2025-04-30,901,702,1141.6499999999999
125323,2025-04-30,590,351,468.0
125323,2025-04-30,210,144,151.875
125323,2025-04-30,846,639,1096.875
125323,2025-04-30,631,621,607.5
125323,2025-04-30,740,288,729.0
125323,2025-04-30,756,684,748.125
125323,2025-04-30,674,477,522.0
125323,2025-04-30,624,603,627.75
125323,2025-04-30,842,459,749.25
125323,2025-04-30,603,189,438.75
125323,2025-04-30,465,207,414.0
125323,2025-04-30,886,720,877.5
125339,2025-05-07,2901,1728,3861.0
125339,2025-05-07,3920,1608,4470.0
125339,2025-05-07,3621,3168,4637.4
125339,2025-05-07,2322,1128,1848.0
125339,2025-05-07,637,600,517.5
125339,2025-05-07,3779,2040,4987.5
125339,2025-05-07,2886,1968,2808.0
125339,2025-05-07,2119,1176,2079.0
125339,2025-05-07,2357,1824,2337.0
125339,2025-05-07,2456,1848,1944.0
125339,2025-05-07,2403,696,2430.0
125339,2025-05-07,2752,1752,2457.0
125339,2025-05-07,1577,768,1147.5
125339,2025-05-07,1941,312,1728.0
125339,2025-05-07,2865,2544,2850.0
125374,2025-05-01,6490,1856,8684.0
125374,2025-05-01,5156,3806,5840.0
125374,2025-05-01,5648,4542,7221.599999999999
125374,2025-05-01,706,480,570.0
125374,2025-05-01,5051,4526,6650.0
125374,2025-05-01,4063,2448,3852.0
125374,2025-05-01,1348,448,1296.0
125374,2025-05-01,3064,3070,2926.0
125374,2025-05-01,2284,1120,1728.0
125374,2025-05-01,3515,2703,3456.0
125374,2025-05-01,1572,1216,1110.0
125374,2025-05-01,2626,528,2304.0
125374,2025-05-01,3388,3247,3280.0
125385,2025-04-30,18068,15101,14560.0
125385,2025-04-30,18618,13375,16884.0
125439,2025-04-30,501,306,614.25
125439,2025-04-30,425,558,427.5
125439,2025-04-30,640,567,769.9499999999999
125439,2025-04-30,364,360,270.0
125439,2025-04-30,194,135,135.0
125439,2025-04-30,471,414,562.5
125439,2025-04-30,526,351,486.0
125439,2025-04-30,446,324,405.0
125439,2025-04-30,350,450,299.25
125439,2025-04-30,345,423,234.0
125439,2025-04-30,469,459,445.5
125439,2025-04-30,366,315,283.5
125439,2025-04-30,266,171,168.75
125439,2025-04-30,246,108,180.0
125439,2025-04-30,492,333,450.0
125453,2025-04-30,1730,2141,1750.0
125453,2025-04-30,1718,2040,1947.0
125453,2025-04-30,1249,1504,856.0
125453,2025-04-30,609,638,480.0
125453,2025-04-30,2038,2380,2412.5
125453,2025-04-30,1830,1979,1539.0
125453,2025-04-30,1077,874,940.5
125453,2025-04-30,1836,1793,1619.75
125453,2025-04-30,1017,1392,684.0
125453,2025-04-30,1629,1700,1453.5
125453,2025-04-30,1513,1682,1201.5
125453,2025-04-30,879,932,588.75
125453,2025-04-30,1115,754,900.0
125453,2025-04-30,1590,1617,1395.0
125454,2025-05-07,3128,854,4153.5
125454,2025-05-07,3765,1985,4310.0
125454,2025-05-07,3178,1621,4059.2
125454,2025-05-07,2474,1078,1960.0
125454,2025-05-07,983,786,795.0
125454,2025-05-07,3447,1170,4525.0
125454,2025-05-07,3044,1638,2952.0
125454,2025-05-07,1850,488,1809.0
125454,2025-05-07,2676,1248,2645.75
125454,2025-05-07,1885,871,1472.0
125454,2025-05-07,2744,1246,2785.5
125454,2025-05-07,2344,1312,2074.5
125454,2025-05-07,1816,726,1305.0
125454,2025-05-07,1739,214,1548.0
125454,2025-05-07,4141,774,4105.0
125455,2025-05-07,4264,3450,5655.0
125455,2025-05-07,4941,4290,5625.0
125455,2025-05-07,4777,3900,6106.5
125455,2025-05-07,3337,2340,2640.0
125455,2025-05-07,1394,120,1068.75
125455,2025-05-07,5041,4530,6656.25
125455,2025-05-07,4194,3630,4050.0
125455,2025-05-07,2928,1800,2835.0
125455,2025-05-07,3576,3360,3491.25
125455,2025-05-07,3243,2670,2520.0
125455,2025-05-07,3890,3240,3915.0
125455,2025-05-07,3677,2820,3240.0
125455,2025-05-07,2441,1920,1687.5
125455,2025-05-07,2715,1440,2400.0
125455,2025-05-07,4463,3630,4425.0
125460,2025-05-07,246,270,305.5
125460,2025-05-07,273,238,300.0
125460,2025-05-07,250,292,300.9
125460,2025-05-07,227,106,176.0
125460,2025-05-07,125,68,71.25
125460,2025-05-07,282,294,356.25
125460,2025-05-07,180,164,157.5
125460,2025-05-07,144,158,121.5
125460,2025-05-07,202,240,180.5
125460,2025-05-07,139,60,100.0
125460,2025-05-07,203,170,193.5
125460,2025-05-07,228,76,184.5
125460,2025-05-07,233,110,165.0
125460,2025-05-07,194,92,168.0
125460,2025-05-07,190,228,175.0
125461,2025-04-30,688,392,832.0
125461,2025-04-30,648,448,680.0
125461,2025-04-30,839,696,1014.8
125461,2025-04-30,547,400,400.0
125461,2025-04-30,394,184,285.0
125461,2025-04-30,808,472,975.0
125461,2025-04-30,816,496,738.0
125461,2025-04-30,417,288,360.0
125461,2025-04-30,662,352,608.0
125461,2025-04-30,476,424,336.0
125461,2025-04-30,611,416,576.0
125461,2025-04-30,575,392,468.0
125461,2025-04-30,472,240,315.0
125461,2025-04-30,396,200,320.0
125461,2025-04-30,921,568,880.0
125462,2025-05-07,4012,3720,5148.0
125462,2025-05-07,5130,4188,5820.0
125462,2025-05-07,4651,4416,5841.0
125462,2025-05-07,3439,2088,2664.0
125462,2025-05-07,1660,1200,1305.0
125462,2025-05-07,5042,4752,6525.0
125462,2025-05-07,3945,3648,3726.0
125462,2025-05-07,2651,1824,2538.0
125462,2025-05-07,4364,3504,4218.0
125462,2025-05-07,2570,2568,1920.0
125462,2025-05-07,3897,3048,3834.0
125462,2025-05-07,3290,2868,2835.0
125462,2025-05-07,1912,1776,1327.5
125462,2025-05-07,2514,1200,2184.0
125462,2025-05-07,4476,4032,4290.0
125463,2025-05-07,1506,1220,1950.0
125463,2025-05-07,3758,1620,4300.0
125463,2025-05-07,2266,2100,2891.0
125463,2025-05-07,2114,720,1680.0
125463,2025-05-07,651,340,525.0
125463,2025-05-07,2974,1820,3937.5
125463,2025-05-07,3051,1340,2970.0
125463,2025-05-07,2547,360,2520.0
125463,2025-05-07,2304,1500,2280.0
125463,2025-05-07,2029,960,1600.0
125463,2025-05-07,2319,1180,2340.0
125463,2025-05-07,2573,900,2295.0
125463,2025-05-07,2413,880,1762.5
125463,2025-05-07,1567,340,1400.0
125463,2025-05-07,2269,1600,2250.0
125464,2025-05-07,1605,980,2145.0
125464,2025-05-07,1568,1080,1800.0
125464,2025-05-07,1698,1350,2183.0
125464,2025-05-07,953,630,760.0
125464,2025-05-07,524,310,431.25
125464,2025-05-07,1696,1350,2250.0
125464,2025-05-07,1406,1060,1372.5
125464,2025-05-07,1049,750,1035.0
125464,2025-05-07,1057,930,1045.0
125464,2025-05-07,1196,820,940.0
125464,2025-05-07,1220,920,1237.5
125464,2025-05-07,910,740,810.0
125464,2025-05-07,900,550,656.25
125464,2025-05-07,802,580,720.0
125464,2025-05-07,1723,1160,1725.0
125465,2025-05-07,1298,900,1722.5
125465,2025-05-07,1374,890,1575.0
125465,2025-05-07,1400,1090,1799.5
125465,2025-05-07,829,510,660.0
125465,2025-05-07,386,240,318.75
125465,2025-05-07,1214,1160,1593.75
125465,2025-05-07,1337,900,1305.0
125465,2025-05-07,912,550,900.0
125465,2025-05-07,960,790,950.0
125465,2025-05-07,1196,680,940.0
125465,2025-05-07,1022,750,1035.0
125465,2025-05-07,961,580,855.0
125465,2025-05-07,823,260,600.0
125465,2025-05-07,581,390,520.0
125465,2025-05-07,1393,950,1375.0
125466,2025-05-07,1408,930,1885.0
125466,2025-05-07,1395,990,1600.0
125466,2025-05-07,1540,1230,1976.5
125466,2025-05-07,804,670,640.0
125466,2025-05-07,409,320,337.5
125466,2025-05-07,1438,1230,1906.25
125466,2025-05-07,1183,1000,1147.5
125466,2025-05-07,958,620,945.0
125466,2025-05-07,1033,940,1021.25
125466,2025-05-07,1348,830,1060.0
125466,2025-05-07,1303,740,1327.5
125466,2025-05-07,961,830,855.0
125466,2025-05-07,926,390,675.0
125466,2025-05-07,626,470,560.0
125466,2025-05-07,1474,1170,1475.0
125489,2025-05-14,873,528,1150.5
125489,2025-05-14,852,684,975.0
125489,2025-05-14,1151,1020,1469.1
125489,2025-05-14,697,360,552.0
125489,2025-05-14,232,240,191.25
125489,2025-05-14,1147,804,1500.0
125489,2025-05-14,795,696,769.5
125489,2025-05-14,630,438,621.0
125489,2025-05-14,1051,624,1040.25
125489,2025-05-14,633,426,492.0
125489,2025-05-14,918,630,931.5
125489,2025-05-14,760,588,675.0
125489,2025-05-14,589,312,427.5
125489,2025-05-14,695,192,624.0
125489,2025-05-14,996,678,990.0
125592,2025-05-21,914,774,1131.0
125592,2025-05-21,617,438,660.0
125592,2025-05-21,993,612,1221.3
125592,2025-05-21,503,444,384.0
125592,2025-05-21,114,78,90.0
125592,2025-05-21,1195,810,1500.0
125592,2025-05-21,833,576,756.0
125592,2025-05-21,703,522,648.0
125592,2025-05-21,878,558,812.25
125592,2025-05-21,694,462,516.0
125592,2025-05-21,860,672,810.0
125592,2025-05-21,504,354,432.0
125592,2025-05-21,463,324,326.25
125592,2025-05-21,515,330,432.0
125592,2025-05-21,865,624,810.0
125631,2025-05-14,1522,752,2028.0
125631,2025-05-14,1502,896,1720.0
125631,2025-05-14,1329,1272,1699.1999999999998
125631,2025-05-14,1046,576,832.0
125631,2025-05-14,473,448,390.0
125631,2025-05-14,1385,1216,1825.0
125631,2025-05-14,1313,1008,1278.0
125631,2025-05-14,1072,568,1062.0
125631,2025-05-14,1261,856,1254.0
125631,2025-05-14,1056,544,832.0
125631,2025-05-14,1136,880,1152.0
125631,2025-05-14,1214,752,1080.0
125631,2025-05-14,967,528,705.0
125631,2025-05-14,805,256,720.0
125631,2025-05-14,1564,808,1560.0
125633,2025-05-21,7921,7065,10627.5
125633,2025-05-21,9292,7170,10762.5
125633,2025-05-21,9303,7125,12080.25
125633,2025-05-21,6460,3840,5130.0
125633,2025-05-21,1657,1410,1321.875
125633,2025-05-21,10170,7890,13640.625
125633,2025-05-21,9322,6435,9180.0
125633,2025-05-21,5181,4180,5096.25
125633,2025-05-21,7490,6030,7481.25
125633,2025-05-21,6743,4425,5310.0
125633,2025-05-21,7302,5610,7458.75
125633,2025-05-21,6619,5310,5940.0
125633,2025-05-21,5206,3690,3796.875
125633,2025-05-21,4902,4020,4380.0
125633,2025-05-21,9178,6615,9225.0
125636,2025-05-14,1861,1756,2418.0
125636,2025-05-14,2400,2205,2725.0
125636,2025-05-14,2476,2122,3121.1
125636,2025-05-14,1608,1019,1248.0
125636,2025-05-14,773,646,611.25
125636,2025-05-14,2669,2371,3500.0
125636,2025-05-14,2433,1980,2335.5
125636,2025-05-14,1466,1317,1413.0
125636,2025-05-14,2214,1926,2132.75
125636,2025-05-14,1719,1462,1324.0
125636,2025-05-14,2246,1810,2223.0
125636,2025-05-14,2045,1445,1786.5
125636,2025-05-14,1202,994,847.5
125636,2025-05-14,1403,762,1228.0
125636,2025-05-14,2211,2063,2155.0
125638,2025-05-14,4802,2624,6344.0
125638,2025-05-14,5951,2928,6800.0
125638,2025-05-14,5790,4528,7457.599999999999
125638,2025-05-14,3667,2112,2880.0
125638,2025-05-14,1375,1244,1110.0
125638,2025-05-14,6127,3536,8150.0
125638,2025-05-14,4726,3328,4572.0
125638,2025-05-14,3029,1728,2952.0
125638,2025-05-14,5267,2480,5206.0
125638,2025-05-14,3344,2160,2592.0
125638,2025-05-14,5313,1728,5364.0
125638,2025-05-14,4258,2496,3708.0
125638,2025-05-14,2659,1280,1920.0
125638,2025-05-14,2561,784,2272.0
125638,2025-05-14,5554,3120,5520.0
125642,2025-05-14,564,392,728.0
125642,2025-05-14,657,592,740.0
125642,2025-05-14,725,496,920.4
125642,2025-05-14,477,480,368.0
125642,2025-05-14,179,128,105.0
125642,2025-05-14,941,680,1225.0
125642,2025-05-14,750,536,720.0
125642,2025-05-14,451,391,432.0
125642,2025-05-14,698,531,684.0
125642,2025-05-14,529,416,400.0
125642,2025-05-14,516,488,504.0
125642,2025-05-14,720,560,630.0
125642,2025-05-14,350,368,240.0
125642,2025-05-14,479,416,416.0
125642,2025-05-14,495,448,480.0
125643,2025-05-14,445,312,572.0
125643,2025-05-14,504,448,560.0
125643,2025-05-14,665,408,826.0
125643,2025-05-14,374,352,288.0
125643,2025-05-14,51,96,30.0
125643,2025-05-14,785,528,1000.0
125643,2025-05-14,645,472,612.0
125643,2025-05-14,307,336,288.0
125643,2025-05-14,646,452,627.0
125643,2025-05-14,462,328,352.0
125643,2025-05-14,386,400,378.0
125643,2025-05-14,641,504,558.0
125643,2025-05-14,254,264,165.0
125643,2025-05-14,351,312,304.0
125643,2025-05-14,432,407,420.0
125644,2025-05-14,1498,979,1995.5
125644,2025-05-14,2033,1174,2325.0
125644,2025-05-14,1961,1672,2519.2999999999997
125644,2025-05-14,1282,741,1024.0
125644,2025-05-14,555,374,457.5
125644,2025-05-14,1995,1472,2637.5
125644,2025-05-14,1815,1163,1759.5
125644,2025-05-14,995,678,985.5
125644,2025-05-14,1718,1006,1705.25
125644,2025-05-14,1344,746,1064.0
125644,2025-05-14,1510,908,1530.0
125644,2025-05-14,1690,908,1507.5
125644,2025-05-14,802,666,588.75
125644,2025-05-14,969,394,872.0
125644,2025-05-14,1686,1114,1680.0
125645,2025-05-14,1446,798,1937.0
125645,2025-05-14,1907,1030,2185.0
125645,2025-05-14,1990,1440,2560.6
125645,2025-05-14,1279,754,1024.0
125645,2025-05-14,493,312,408.75
125645,2025-05-14,1890,1375,2506.25
125645,2025-05-14,1663,1026,1615.5
125645,2025-05-14,1021,578,1012.5
125645,2025-05-14,1667,875,1657.75
125645,2025-05-14,1310,682,1040.0
125645,2025-05-14,1503,806,1525.5
125645,2025-05-14,1508,884,1345.5
125645,2025-05-14,780,520,573.75
125645,2025-05-14,950,306,856.0
125645,2025-05-14,1701,962,1700.0
125646,2025-05-28,5764,3552,7722.0
125646,2025-05-28,6855,4224,7980.0
125646,2025-05-28,9055,4812,11859.0
125646,2025-05-28,4168,2556,3336.0
125646,2025-05-28,1448,888,1192.5
125646,2025-05-28,8499,4704,11475.0
125646,2025-05-28,5683,3384,5589.0
125646,2025-05-28,4302,2712,4266.0
125646,2025-05-28,5317,3264,5301.0
125646,2025-05-28,4494,2592,3552.0
125646,2025-05-28,5220,3348,5346.0
125646,2025-05-28,5092,2832,4563.0
125646,2025-05-28,4016,2100,2947.5
125646,2025-05-28,3386,2196,3048.0
125646,2025-05-28,5337,3288,5340.0
125647,2025-05-14,2094,800,2795.0
125647,2025-05-14,1603,560,1845.0
125647,2025-05-14,1830,560,2354.1
125647,2025-05-14,1253,480,1004.0
125647,2025-05-14,529,160,438.75
125647,2025-05-14,1759,707,2331.25
125647,2025-05-14,1234,558,1206.0
125647,2025-05-14,1912,790,1894.5
125647,2025-05-14,1888,540,1881.0
125647,2025-05-14,485,160,384.0
125647,2025-05-14,1260,476,1282.5
125647,2025-05-14,1120,390,994.5
125647,2025-05-14,424,160,311.25
125647,2025-05-14,944,320,852.0
125647,2025-05-14,2046,640,2050.0
125649,2025-05-21,1073,750,1397.5
125649,2025-05-21,1133,980,1275.0
125649,2025-05-21,1411,1040,1799.5
125649,2025-05-21,1060,560,840.0
125649,2025-05-21,300,180,225.0
125649,2025-05-21,1358,930,1781.25
125649,2025-05-21,1507,970,1462.5
125649,2025-05-21,1101,860,1080.0
125649,2025-05-21,1037,840,1021.25
125649,2025-05-21,1202,820,940.0
125649,2025-05-21,1205,790,1215.0
125649,2025-05-21,819,620,720.0
125649,2025-05-21,858,530,618.75
125649,2025-05-21,614,450,540.0
125649,2025-05-21,1301,900,1275.0
125650,2025-05-21,1904,1692,2535.0
125650,2025-05-21,1890,1632,2160.0
125650,2025-05-21,2325,1992,2973.6
125650,2025-05-21,1573,972,1248.0
125650,2025-05-21,494,348,405.0
125650,2025-05-21,2227,2064,2925.0
125650,2025-05-21,1977,1560,1917.0
125650,2025-05-21,1403,1044,1377.0
125650,2025-05-21,1563,1428,1539.0
125650,2025-05-21,1684,1176,1320.0
125650,2025-05-21,1866,1404,1890.0
125650,2025-05-21,1851,1128,1647.0
125650,2025-05-21,1336,816,967.5
125650,2025-05-21,1450,1176,1296.0
125650,2025-05-21,1778,1308,1770.0
125677,2025-05-21,674,648,884.0
125677,2025-05-21,779,725,880.0
125677,2025-05-21,949,884,1203.6
125677,2025-05-21,630,376,496.0
125677,2025-05-21,329,220,270.0
125677,2025-05-21,1011,1004,1312.5
125677,2025-05-21,909,584,873.0
125677,2025-05-21,672,480,657.0
125677,2025-05-21,716,572,703.0
125677,2025-05-21,664,356,520.0
125677,2025-05-21,845,472,846.0
125677,2025-05-21,705,376,621.0
125677,2025-05-21,417,300,300.0
125677,2025-05-21,532,564,472.0
125677,2025-05-21,892,528,880.0
125678,2025-05-21,3126,2940,4095.0
125678,2025-05-21,3894,3108,4410.0
125678,2025-05-21,6556,3540,8460.6
125678,2025-05-21,3258,1872,2568.0
125678,2025-05-21,921,780,742.5
125678,2025-05-21,3867,3132,5062.5
125678,2025-05-21,3348,2688,3213.0
125678,2025-05-21,2883,2196,2808.0
125678,2025-05-21,2909,2676,2850.0
125678,2025-05-21,2378,1464,1848.0
125678,2025-05-21,3451,2159,3456.0
125678,2025-05-21,2505,2040,2187.0
125678,2025-05-21,1540,1392,1102.5
125678,2025-05-21,1951,1848,1728.0
125678,2025-05-21,3832,2940,3750.0
125707,2025-05-21,426,375,552.5
125707,2025-05-21,303,284,345.0
125707,2025-05-21,474,389,604.75
125707,2025-05-21,261,240,208.0
125707,2025-05-21,106,76,90.0
125707,2025-05-21,479,480,625.0
125707,2025-05-21,483,335,465.75
125707,2025-05-21,236,222,234.0
125707,2025-05-21,364,289,358.625
125707,2025-05-21,247,207,196.0
125707,2025-05-21,465,286,465.75
125707,2025-05-21,278,282,243.0
125707,2025-05-21,152,130,112.5
125707,2025-05-21,282,176,252.0
125707,2025-05-21,533,392,525.0
125708,2025-05-21,1015,900,1326.0
125708,2025-05-21,996,840,1125.0
125708,2025-05-21,1089,1042,1374.6999999999998
125708,2025-05-21,591,483,468.0
125708,2025-05-21,267,210,221.25
125708,2025-05-21,1211,1199,1550.0
125708,2025-05-21,928,798,891.0
125708,2025-05-21,527,534,517.5
125708,2025-05-21,811,755,798.0
125708,2025-05-21,621,537,488.0
125708,2025-05-21,1086,683,1089.0
125708,2025-05-21,688,552,603.0
125708,2025-05-21,497,400,360.0
125708,2025-05-21,569,420,508.0
125708,2025-05-21,1330,939,1300.0
125711,2025-05-21,4134,4688,5044.0
125711,2025-05-21,4126,3232,4600.0
125711,2025-05-21,4773,4544,5994.4
125711,2025-05-21,2962,1712,2272.0
125711,2025-05-21,1590,1056,1260.0
125711,2025-05-21,4324,4656,5350.0
125711,2025-05-21,3803,3184,3528.0
125711,2025-05-21,2258,1712,2160.0
125711,2025-05-21,3930,2784,3724.0
125711,2025-05-21,2585,2160,1952.0
125711,2025-05-21,3857,2576,3744.0
125711,2025-05-21,3410,2448,2916.0
125711,2025-05-21,1883,1536,1320.0
125711,2025-05-21,2406,1936,2080.0
125711,2025-05-21,4672,2928,4560.0
125712,2025-05-28,2559,1848,3432.0
125712,2025-05-28,2143,1644,2460.0
125712,2025-05-28,2666,1776,3433.7999999999997
125712,2025-05-28,1826,1128,1464.0
125712,2025-05-28,875,516,720.0
125712,2025-05-28,2479,1416,3300.0
125712,2025-05-28,1964,1356,1917.0
125712,2025-05-28,1229,828,1215.0
125712,2025-05-28,1917,1188,1909.5
125712,2025-05-28,2382,1260,1896.0
125712,2025-05-28,2095,1224,2133.0
125712,2025-05-28,1823,1116,1620.0
125712,2025-05-28,1297,792,945.0
125712,2025-05-28,1203,900,1080.0
125712,2025-05-28,1831,1356,1830.0
125715,2025-05-28,2676,1800,3588.0
125715,2025-05-28,2510,1776,2880.0
125715,2025-05-28,2611,1788,3363.0
125715,2025-05-28,2036,1116,1632.0
125715,2025-05-28,851,492,697.5
125715,2025-05-28,2592,1464,3450.0
125715,2025-05-28,1992,1308,1944.0
125715,2025-05-28,1175,816,1161.0
125715,2025-05-28,1859,1176,1852.5
125715,2025-05-28,2293,1224,1824.0
125715,2025-05-28,2231,1392,2268.0
125715,2025-05-28,1688,1200,1485.0
125715,2025-05-28,1176,708,855.0
125715,2025-05-28,1149,888,1032.0
125715,2025-05-28,1771,1284,1770.0
125718,2025-06-06,7495,5280,9620.0
125718,2025-06-06,6590,4360,7300.0
125718,2025-06-06,7032,5300,8732.0
125718,2025-06-06,5258,2800,4120.0
125718,2025-06-06,1886,1000,1237.5
125718,2025-06-06,6052,4920,7750.0
125718,2025-06-06,6086,4660,5850.0
125718,2025-06-06,4349,1320,3420.0
125718,2025-06-06,4805,3740,4512.5
125718,2025-06-06,6116,2780,4720.0
125718,2025-06-06,5835,3160,5760.0
125718,2025-06-06,5196,3260,4545.0
125718,2025-06-06,3059,2480,2137.5
125718,2025-06-06,4358,1440,3160.0
125718,2025-06-06,5267,4020,5050.0
125722,2025-05-21,757,552,975.0
125722,2025-05-21,1228,636,1380.0
125722,2025-05-21,1328,420,1663.8
125722,2025-05-21,898,324,696.0
125722,2025-05-21,395,276,315.0
125722,2025-05-21,1250,516,1612.5
125722,2025-05-21,1100,408,1053.0
125722,2025-05-21,1248,396,1215.0
125722,2025-05-21,1308,420,1282.5
125722,2025-05-21,1114,288,864.0
125722,2025-05-21,1056,384,1053.0
125722,2025-05-21,1118,468,972.0
125722,2025-05-21,666,360,472.5
125722,2025-05-21,629,336,552.0
125722,2025-05-21,867,300,840.0
125769,2025-05-28,2734,1989,3597.75
125769,2025-05-28,2857,1998,3240.0
125769,2025-05-28,3445,2240,4380.75
125769,2025-05-28,2223,1233,1764.0
125769,2025-05-28,841,513,658.125
125769,2025-05-28,3403,2367,4471.875
125769,2025-05-28,2752,1791,2652.75
125769,2025-05-28,1866,1161,1822.5
125769,2025-05-28,2334,1548,2287.125
125769,2025-05-28,2085,1206,1620.0
125769,2025-05-28,2756,1678,2774.25
125769,2025-05-28,2192,1314,1923.75
125769,2025-05-28,1611,846,1164.375
125769,2025-05-28,1721,747,1530.0
125769,2025-05-28,3131,1845,3082.5
125770,2025-05-28,2870,2124,3773.25
125770,2025-05-28,3037,2124,3442.5
125770,2025-05-28,3757,2358,4779.0
125770,2025-05-28,2202,1368,1746.0
125770,2025-05-28,842,540,658.125
125770,2025-05-28,3769,2511,4950.0
125770,2025-05-28,2755,1917,2652.75
125770,2025-05-28,1888,1331,1842.75
125770,2025-05-28,2634,1799,2586.375
125770,2025-05-28,2249,1395,1746.0
125770,2025-05-28,2797,1836,2814.75
125770,2025-05-28,2125,1467,1863.0
125770,2025-05-28,1896,999,1366.875
125770,2025-05-28,1662,1061,1476.0
125770,2025-05-28,3602,2052,3555.0
125771,2025-05-28,2025,1806,2691.0
125771,2025-05-28,2633,1968,3045.0
125771,2025-05-28,2301,1818,2955.8999999999996
125771,2025-05-28,1771,1073,1416.0
125771,2025-05-28,614,396,495.0
125771,2025-05-28,3153,2184,4218.75
125771,2025-05-28,2133,1626,2065.5
125771,2025-05-28,1571,912,1552.5
125771,2025-05-28,1896,1494,1881.0
125771,2025-05-28,1748,1110,1380.0
125771,2025-05-28,1982,1512,2011.5
125771,2025-05-28,2246,1308,2011.5
125771,2025-05-28,1436,720,1046.25
125771,2025-05-28,1373,708,1236.0
125771,2025-05-28,2109,1626,2100.0
125780,2025-05-28,2494,1920,3276.0
125780,2025-05-28,4762,2592,5460.0
125780,2025-05-28,3415,2856,4389.599999999999
125780,2025-05-28,2950,1416,2352.0
125780,2025-05-28,1383,816,1080.0
125780,2025-05-28,4854,2328,6450.0
125780,2025-05-28,3437,1968,3348.0
125780,2025-05-28,3272,720,3240.0
125780,2025-05-28,3384,2280,3363.0
125780,2025-05-28,2612,1512,2064.0
125780,2025-05-28,3088,1848,3132.0
125780,2025-05-28,3730,1632,3348.0
125780,2025-05-28,2643,768,1935.0
125780,2025-05-28,2358,720,2112.0
125780,2025-05-28,2853,2208,2820.0
125781,2025-05-28,4600,2938,6253.0
125781,2025-05-28,4519,3188,5257.5
125781,2025-05-28,5356,2959,7009.2
125781,2025-05-28,3738,2921,3026.0
125781,2025-05-28,1887,245,1565.625
125781,2025-05-28,5588,3145,7543.75
125781,2025-05-28,3415,2266,3370.5
125781,2025-05-28,2882,1930,2891.25
125781,2025-05-28,3261,2255,3282.25
125781,2025-05-28,4483,2214,3592.0
125781,2025-05-28,3858,2351,3962.25
125781,2025-05-28,4342,2524,3964.5
125781,2025-05-28,3142,1797,2330.625
125781,2025-05-28,2149,1788,1950.0
125781,2025-05-28,4877,3117,4950.0
125824,2025-05-28,1540,348,2047.5
125824,2025-05-28,1333,828,1530.0
125824,2025-05-28,1049,1038,1327.5
125824,2025-05-28,708,426,564.0
125824,2025-05-28,341,312,281.25
125824,2025-05-28,1225,815,1612.5
125824,2025-05-28,900,654,877.5
125824,2025-05-28,711,258,702.0
125824,2025-05-28,916,767,912.0
125824,2025-05-28,506,474,396.0
125824,2025-05-28,1022,450,1039.5
125824,2025-05-28,953,408,850.5
125824,2025-05-28,618,228,450.0
125824,2025-05-28,654,168,588.0
125824,2025-05-28,1102,612,1095.0
125825,2025-06-04,1524,582,1969.5
125825,2025-06-04,1336,636,1515.0
125825,2025-06-04,1235,942,1557.6
125825,2025-06-04,932,492,744.0
125825,2025-06-04,341,276,281.25
125825,2025-06-04,1510,870,1950.0
125825,2025-06-04,1244,648,1201.5
125825,2025-06-04,836,420,823.5
125825,2025-06-04,1244,630,1225.5
125825,2025-06-04,923,684,720.0
125825,2025-06-04,1495,408,1498.5
125825,2025-06-04,1005,750,891.0
125825,2025-06-04,574,270,416.25
125825,2025-06-04,712,240,636.0
125825,2025-06-04,1214,942,1200.0
125844,2025-05-28,16692,7552,22308.0
125844,2025-05-28,14185,10414,16240.0
125844,2025-05-28,19721,10368,25440.8
125844,2025-05-28,11142,6096,8896.0
125844,2025-05-28,7090,2832,5820.0
125844,2025-05-28,18220,10671,24200.0
125844,2025-05-28,12666,8412,12348.0
125844,2025-05-28,9170,3199,9072.0
125844,2025-05-28,14667,6000,14592.0
125844,2025-05-28,18972,6960,15008.0
125844,2025-05-28,15488,6240,15696.0
125844,2025-05-28,17736,6878,15984.0
125844,2025-05-28,13563,5472,9930.0
125844,2025-05-28,7812,3344,6976.0
125844,2025-05-28,16526,9040,16480.0
125845,2025-05-21,808,1064,910.0
125845,2025-05-21,565,704,560.0
125845,2025-05-21,911,1072,1062.0
125845,2025-05-21,638,504,464.0
125845,2025-05-21,270,232,180.0
125845,2025-05-21,946,944,1150.0
125845,2025-05-21,763,792,666.0
125845,2025-05-21,364,496,270.0
125845,2025-05-21,733,824,646.0
125845,2025-05-21,491,632,320.0
125845,2025-05-21,720,704,648.0
125845,2025-05-21,584,720,450.0
125845,2025-05-21,398,424,240.0
125845,2025-05-21,402,448,304.0
125845,2025-05-21,852,992,760.0
125850,2025-06-04,4218,3440,5642.0
125850,2025-06-04,4600,3912,5260.0
125850,2025-06-04,4487,3720,5782.0
125850,2025-06-04,3203,2448,2528.0
125850,2025-06-04,1120,904,915.0
125850,2025-06-04,4836,3912,6450.0
125850,2025-06-04,3706,3128,3600.0
125850,2025-06-04,2142,1992,2088.0
125850,2025-06-04,3532,3152,3458.0
125850,2025-06-04,2844,2616,2208.0
125850,2025-06-04,3748,2560,3780.0
125850,2025-06-04,3838,2904,3438.0
125850,2025-06-04,2177,1824,1575.0
125850,2025-06-04,2284,1464,2016.0
125850,2025-06-04,4106,3520,4100.0
125855,2025-05-28,2965,2656,3952.0
125855,2025-05-28,2096,2032,2400.0
125855,2025-05-28,2829,2320,3634.3999999999996
125855,2025-05-28,2284,1712,1824.0
125855,2025-05-28,545,496,450.0
125855,2025-05-28,2527,2080,3350.0
125855,2025-05-28,2218,1792,2160.0
125855,2025-05-28,1609,1392,1584.0
125855,2025-05-28,2449,1808,2432.0
125855,2025-05-28,2033,1328,1600.0
125855,2025-05-28,2415,1728,2448.0
125855,2025-05-28,2147,1888,1908.0
125855,2025-05-28,1034,736,750.0
125855,2025-05-28,1466,1168,1312.0
125855,2025-05-28,1946,1776,1920.0
125856,2025-05-28,1402,1056,1872.0
125856,2025-05-28,951,780,1080.0
125856,2025-05-28,1352,900,1734.6
125856,2025-05-28,893,600,696.0
125856,2025-05-28,423,300,337.5
125856,2025-05-28,1030,672,1350.0
125856,2025-05-28,880,708,837.0
125856,2025-05-28,618,540,594.0
125856,2025-05-28,1151,780,1140.0
125856,2025-05-28,1022,516,792.0
125856,2025-05-28,1125,732,1134.0
125856,2025-05-28,747,648,648.0
125856,2025-05-28,540,360,382.5
125856,2025-05-28,840,576,744.0
125856,2025-05-28,980,671,960.0
125897,2025-05-30,1822,1536,2379.0
125897,2025-05-30,2170,1704,2400.0
125897,2025-05-30,2118,1632,2619.6
125897,2025-05-30,1811,1332,1392.0
125897,2025-05-30,565,444,450.0
125897,2025-05-30,1568,1224,2025.0
125897,2025-05-30,1732,1368,1620.0
125897,2025-05-30,1042,720,999.0
125897,2025-05-30,1693,1260,1624.5
125897,2025-05-30,1826,948,1392.0
125897,2025-05-30,1772,1272,1728.0
125897,2025-05-30,1573,1308,1350.0
125897,2025-05-30,804,648,562.5
125897,2025-05-30,1071,840,936.0
125897,2025-05-30,1489,1344,1440.0
125911,2025-06-04,2139,1430,2847.0
125911,2025-06-04,2245,1998,2580.0
125911,2025-06-04,2365,2000,3038.5
125911,2025-06-04,1852,1032,1472.0
125911,2025-06-04,782,506,645.0
125911,2025-06-04,2682,1910,3587.5
125911,2025-06-04,2030,1728,1957.5
125911,2025-06-04,1322,774,1300.5
125911,2025-06-04,2083,1802,2056.75
125911,2025-06-04,1417,1234,1116.0
125911,2025-06-04,2208,1326,2236.5
125911,2025-06-04,1905,1162,1696.5
125911,2025-06-04,995,746,727.5
125911,2025-06-04,1346,326,1204.0
125911,2025-06-04,2280,1648,2250.0
125916,2025-06-11,3533,2207,4641.0
125916,2025-06-11,3123,2568,3540.0
125916,2025-06-11,3069,2555,3894.0
125916,2025-06-11,2097,1716,1656.0
125916,2025-06-11,945,576,765.0
125916,2025-06-11,3392,2916,4425.0
125916,2025-06-11,2366,2028,2268.0
125916,2025-06-11,1613,1596,1566.0
125916,2025-06-11,3002,2280,2935.5
125916,2025-06-11,1644,1536,1248.0
125916,2025-06-11,2729,2231,2727.0
125916,2025-06-11,2218,1836,1944.0
125916,2025-06-11,1108,948,787.5
125916,2025-06-11,1102,1260,960.0
125916,2025-06-11,3034,2604,2970.0
125918,2025-06-11,3357,2376,4407.0
125918,2025-06-11,3045,2472,3450.0
125918,2025-06-11,2939,2388,3717.0
125918,2025-06-11,2007,1668,1584.0
125918,2025-06-11,945,564,765.0
125918,2025-06-11,3251,2688,4237.5
125918,2025-06-11,2562,2063,2457.0
125918,2025-06-11,1746,1584,1701.0
125918,2025-06-11,2972,2256,2907.0
125918,2025-06-11,1491,1464,1128.0
125918,2025-06-11,2699,2220,2700.0
125918,2025-06-11,2434,1908,2133.0
125918,2025-06-11,1240,924,877.5
125918,2025-06-11,1599,1212,1416.0
125918,2025-06-11,2940,2388,2880.0
125988,2025-06-11,1834,1072,2444.0
125988,2025-06-11,1855,1392,2120.0
125988,2025-06-11,1675,1344,2147.6
125988,2025-06-11,1319,704,1056.0
125988,2025-06-11,473,216,390.0
125988,2025-06-11,1683,1456,2225.0
125988,2025-06-11,1480,888,1440.0
125988,2025-06-11,1401,504,1386.0
125988,2025-06-11,1261,1088,1254.0
125988,2025-06-11,1638,624,1296.0
125988,2025-06-11,1511,832,1530.0
125988,2025-06-11,2077,704,1854.0
125988,2025-06-11,1249,488,915.0
125988,2025-06-11,1139,472,1024.0
125988,2025-06-11,2209,1088,2200.0
125989,2025-06-11,7246,3120,9782.5
125989,2025-06-11,4831,3263,5525.0
125989,2025-06-11,4951,3769,6372.0
125989,2025-06-11,3636,1980,2860.0
125989,2025-06-11,2004,730,1631.25
125989,2025-06-11,4600,3529,6093.75
125989,2025-06-11,3474,2720,3330.0
125989,2025-06-11,2034,1750,1980.0
125989,2025-06-11,3443,2650,3372.5
125989,2025-06-11,2979,1880,2320.0
125989,2025-06-11,4095,2350,4117.5
125989,2025-06-11,4660,2340,4162.5
125989,2025-06-11,2056,1360,1481.25
125989,2025-06-11,2190,1440,1940.0
125989,2025-06-11,4764,3230,4650.0
125990,2025-06-11,1934,1024,2574.0
125990,2025-06-11,1644,1312,1880.0
125990,2025-06-11,1638,1320,2100.4
125990,2025-06-11,1280,648,1024.0
125990,2025-06-11,491,232,405.0
125990,2025-06-11,1778,1496,2350.0
125990,2025-06-11,1535,920,1494.0
125990,2025-06-11,1290,536,1278.0
125990,2025-06-11,1299,1104,1292.0
125990,2025-06-11,1475,696,1168.0
125990,2025-06-11,1599,864,1620.0
125990,2025-06-11,2138,736,1908.0
125990,2025-06-11,1330,544,975.0
125990,2025-06-11,1014,424,912.0
125990,2025-06-11,2164,1136,2160.0
126008,2025-06-11,21159,5792,28808.0
126008,2025-06-11,19620,9312,22760.0
126008,2025-06-11,20812,9951,27187.199999999997
126008,2025-06-11,26469,14991,21440.0
126008,2025-06-11,5278,2240,4350.0
126008,2025-06-11,20083,7137,27150.0
126008,2025-06-11,10692,6208,10548.0
126008,2025-06-11,7321,3200,7308.0
126008,2025-06-11,13016,6352,13110.0
126008,2025-06-11,10278,3392,8256.0
126008,2025-06-11,16234,8592,16668.0
126008,2025-06-11,35970,13968,32796.0
126008,2025-06-11,6471,2848,4740.0
126008,2025-06-11,6142,3168,5504.0
126008,2025-06-11,16562,6392,16760.0
126009,2025-06-11,383,261,497.25
126009,2025-06-11,320,270,360.0
126009,2025-06-11,479,288,610.65
126009,2025-06-11,341,144,270.0
126009,2025-06-11,126,54,84.375
126009,2025-06-11,417,306,534.375
126009,2025-06-11,523,270,506.25
126009,2025-06-11,273,153,263.25
126009,2025-06-11,348,259,342.0
126009,2025-06-11,326,153,252.0
126009,2025-06-11,364,234,364.5
126009,2025-06-11,621,144,546.75
126009,2025-06-11,190,126,135.0
126009,2025-06-11,168,90,144.0
126009,2025-06-11,322,225,315.0
126010,2025-06-11,8293,5760,11011.0
126010,2025-06-11,7569,4995,8500.0
126010,2025-06-11,6513,4560,8271.8
126010,2025-06-11,4831,3552,3760.0
126010,2025-06-11,4033,1940,3247.5
126010,2025-06-11,5171,3861,6787.5
126010,2025-06-11,4285,3278,4068.0
126010,2025-06-11,2650,1940,2538.0
126010,2025-06-11,4830,4988,4645.5
126010,2025-06-11,3030,2086,2336.0
126010,2025-06-11,5300,4145,5256.0
126010,2025-06-11,4851,3146,4302.0
126010,2025-06-11,2152,1640,1537.5
126010,2025-06-11,2127,1576,1856.0
126010,2025-06-11,7498,5640,7360.0
126011,2025-06-11,3968,2350,5278.0
126011,2025-06-11,3089,2458,3520.0
126011,2025-06-11,3066,2925,3917.6
126011,2025-06-11,2273,1496,1784.0
126011,2025-06-11,1348,520,1095.0
126011,2025-06-11,3706,3148,4900.0
126011,2025-06-11,2219,1875,2133.0
126011,2025-06-11,1366,1361,1332.0
126011,2025-06-11,2148,1967,2099.5
126011,2025-06-11,1598,1284,1248.0
126011,2025-06-11,2437,1779,2439.0
126011,2025-06-11,2834,1778,2529.0
126011,2025-06-11,1340,930,967.5
126011,2025-06-11,1309,1080,1160.0
126011,2025-06-11,3489,2431,3410.0
126012,2025-06-18,5851,3948,7800.0
126012,2025-06-18,5066,3486,5800.0
126012,2025-06-18,5891,3976,7611.0
126012,2025-06-18,2833,2348,2240.0
126012,2025-06-18,922,828,742.5
126012,2025-06-18,4109,3704,5412.5
126012,2025-06-18,3312,2804,3213.0
126012,2025-06-18,2980,2396,2916.0
126012,2025-06-18,3746,3137,3705.0
126012,2025-06-18,2568,1876,2008.0
126012,2025-06-18,3867,3096,3906.0
126012,2025-06-18,4136,2810,3717.0
126012,2025-06-18,2048,1492,1455.0
126012,2025-06-18,1959,1700,1744.0
126012,2025-06-18,5750,3952,5720.0
126014,2025-06-18,2263,1603,2990.0
126014,2025-06-18,2095,1413,2342.5
126014,2025-06-18,1778,1454,2233.15
126014,2025-06-18,1401,1070,1098.0
126014,2025-06-18,374,357,303.75
126014,2025-06-18,1902,1604,2475.0
126014,2025-06-18,1618,1680,1500.75
126014,2025-06-18,1012,913,983.25
126014,2025-06-18,1180,1101,1147.125
126014,2025-06-18,1494,930,1154.0
126014,2025-06-18,1557,1176,1518.75
126014,2025-06-18,1778,1164,1561.5
126014,2025-06-18,989,736,712.5
126014,2025-06-18,961,750,850.0
126014,2025-06-18,1545,1267,1510.0
126016,2025-06-11,1505,1608,1872.0
126016,2025-06-11,2332,1524,2610.0
126016,2025-06-11,2350,1800,2938.2
126016,2025-06-11,1768,864,1392.0
126016,2025-06-11,583,360,472.5
126016,2025-06-11,1907,1560,2437.5
126016,2025-06-11,2099,1416,1998.0
126016,2025-06-11,1514,588,1458.0
126016,2025-06-11,1609,1439,1539.0
126016,2025-06-11,1535,1152,1176.0
126016,2025-06-11,1290,1176,1269.0
126016,2025-06-11,1788,912,1566.0
126016,2025-06-11,1105,888,787.5
126016,2025-06-11,848,708,744.0
126016,2025-06-11,1848,1536,1800.0
126052,2025-06-18,2356,1642,2993.25
126052,2025-06-18,1596,1141,1642.5
126052,2025-06-18,2022,1463,2392.45
126052,2025-06-18,1015,890,738.0
126052,2025-06-18,456,401,346.875
126052,2025-06-18,2545,1751,3243.75
126052,2025-06-18,1829,2516,1534.5
126052,2025-06-18,1166,1020,1044.0
126052,2025-06-18,1376,957,1232.625
126052,2025-06-18,1637,1119,1186.0
126052,2025-06-18,1472,958,1338.75
126052,2025-06-18,1456,961,1185.75
126052,2025-06-18,635,642,429.375
126052,2025-06-18,937,1096,768.0
126052,2025-06-18,1836,1418,1682.5
126054,2025-06-18,2560,1738,3289.0
126054,2025-06-18,1763,1246,1850.0
126054,2025-06-18,1998,1447,2360.0
126054,2025-06-18,1117,908,810.0
126054,2025-06-18,434,413,331.875
126054,2025-06-18,2543,1707,3240.625
126054,2025-06-18,1817,2518,1521.0
126054,2025-06-18,1268,1094,1131.75
126054,2025-06-18,1397,977,1249.25
126054,2025-06-18,1641,1103,1184.0
126054,2025-06-18,1450,962,1316.25
126054,2025-06-18,1470,957,1203.75
126054,2025-06-18,636,638,427.5
126054,2025-06-18,946,1095,774.0
126054,2025-06-18,1858,1468,1752.5
126072,2025-06-18,823,390,1092.0
126072,2025-06-18,1101,534,1260.0
126072,2025-06-18,865,504,1115.1
126072,2025-06-18,582,318,468.0
126072,2025-06-18,879,510,1162.5
126072,2025-06-18,719,432,702.0
126072,2025-06-18,800,468,796.5
126072,2025-06-18,746,390,741.0
126072,2025-06-18,650,378,516.0
126072,2025-06-18,756,408,769.5
126072,2025-06-18,724,414,648.0
126072,2025-06-18,567,300,416.25
126072,2025-06-18,477,276,432.0
126072,2025-06-18,538,336,540.0
126074,2025-06-18,1324,568,1742.0
126074,2025-06-18,1353,720,1540.0
126074,2025-06-18,1296,678,1652.0
126074,2025-06-18,741,440,576.0
126074,2025-06-18,404,184,315.0
126074,2025-06-18,1334,760,1750.0
126074,2025-06-18,1135,584,1098.0
126074,2025-06-18,711,392,684.0
126074,2025-06-18,955,479,950.0
126074,2025-06-18,895,456,704.0
126074,2025-06-18,944,464,954.0
126074,2025-06-18,885,536,792.0
126074,2025-06-18,631,296,450.0
126074,2025-06-18,456,256,384.0
126074,2025-06-18,1022,560,1020.0
126247,2025-06-25,2280,2076,2964.0
126247,2025-06-25,2638,2076,2970.0
126247,2025-06-25,3084,2220,3894.0
126247,2025-06-25,1862,1428,1464.0
126247,2025-06-25,649,528,495.0
126247,2025-06-25,2477,2100,3225.0
126247,2025-06-25,2206,1776,2106.0
126247,2025-06-25,1202,1212,1161.0
126247,2025-06-25,2252,1896,2194.5
126247,2025-06-25,1659,1368,1272.0
126247,2025-06-25,2060,1524,2052.0
126247,2025-06-25,2063,1464,1809.0
126247,2025-06-25,1386,1140,990.0
126247,2025-06-25,1628,840,1440.0
126247,2025-06-25,1693,1680,1620.0
126248,2025-06-25,2036,1520,2665.0
126248,2025-06-25,3062,2280,3500.0
126248,2025-06-25,3086,2000,3953.0
126248,2025-06-25,2417,1480,1920.0
126248,2025-06-25,883,620,712.5
126248,2025-06-25,2792,2140,3687.5
126248,2025-06-25,2687,1900,2610.0
126248,2025-06-25,2331,820,2295.0
126248,2025-06-25,2312,1780,2280.0
126248,2025-06-25,2645,1480,2080.0
126248,2025-06-25,2620,1820,2655.0
126248,2025-06-25,2677,1660,2385.0
126248,2025-06-25,2569,1060,1875.0
126248,2025-06-25,1979,1000,1760.0
126248,2025-06-25,2186,1540,2150.0
126249,2025-07-02,1045,840,1326.0
126249,2025-07-02,2218,1584,2520.0
126249,2025-07-02,1649,1320,2053.2
126249,2025-07-02,1408,1032,1104.0
126249,2025-07-02,453,288,360.0
126249,2025-07-02,1649,1344,2100.0
126249,2025-07-02,1745,1368,1674.0
126249,2025-07-02,1881,720,1836.0
126249,2025-07-02,1919,1344,1881.0
126249,2025-07-02,2210,1440,1728.0
126249,2025-07-02,1358,1080,1350.0
126249,2025-07-02,1194,1176,1026.0
126249,2025-07-02,1696,984,1215.0
126249,2025-07-02,1089,696,960.0
126249,2025-07-02,1541,1200,1500.0
126261,2025-07-04,12109,6864,16341.0
126261,2025-07-04,8113,5076,9360.0
126261,2025-07-04,13105,7596,17027.399999999998
126261,2025-07-04,4581,2940,3624.0
126261,2025-07-04,2460,1391,2002.5
126261,2025-07-04,7965,5160,10687.5
126261,2025-07-04,9157,5196,8991.0
126261,2025-07-04,3971,2592,3861.0
126261,2025-07-04,5605,3840,5500.5
126261,2025-07-04,6395,3024,5064.0
126261,2025-07-04,7201,4908,7344.0
126261,2025-07-04,6123,3480,5481.0
126261,2025-07-04,5010,2448,3622.5
126261,2025-07-04,5215,2940,4680.0
126261,2025-07-04,7598,5280,7560.0
126266,2025-06-25,1520,1433,1976.0
126266,2025-06-25,1747,1548,1965.0
126266,2025-06-25,1651,1495,2085.65
126266,2025-06-25,1151,884,900.0
126266,2025-06-25,403,392,330.0
126266,2025-06-25,1552,1542,2000.0
126266,2025-06-25,1445,1249,1372.5
126266,2025-06-25,745,694,729.0
126266,2025-06-25,1254,1220,1211.25
126266,2025-06-25,1145,904,884.0
126266,2025-06-25,1241,1209,1233.0
126266,2025-06-25,1083,988,949.5
126266,2025-06-25,733,585,526.875
126266,2025-06-25,791,717,706.0
126266,2025-06-25,1433,1286,1392.5
126268,2025-06-25,650,544,858.0
126268,2025-06-25,622,530,710.0
126268,2025-06-25,839,614,1073.8
126268,2025-06-25,435,300,344.0
126268,2025-06-25,200,188,165.0
126268,2025-06-25,663,680,862.5
126268,2025-06-25,593,564,576.0
126268,2025-06-25,428,296,423.0
126268,2025-06-25,604,492,598.5
126268,2025-06-25,509,348,400.0
126268,2025-06-25,677,524,684.0
126268,2025-06-25,518,420,459.0
126268,2025-06-25,329,272,240.0
126268,2025-06-25,347,148,312.0
126268,2025-06-25,533,444,530.0
126269,2025-06-25,647,377,867.75
126269,2025-06-25,543,422,625.0
126269,2025-06-25,659,517,855.5
126269,2025-06-25,408,291,328.0
126269,2025-06-25,166,80,138.75
126269,2025-06-25,632,558,840.625
126269,2025-06-25,582,417,569.25
126269,2025-06-25,318,290,317.25
126269,2025-06-25,477,356,475.0
126269,2025-06-25,339,313,268.0
126269,2025-06-25,493,364,499.5
126269,2025-06-25,537,273,479.25
126269,2025-06-25,272,197,198.75
126269,2025-06-25,397,253,354.0
126269,2025-06-25,460,388,460.0
126271,2025-07-09,1836,1062,2457.0
126271,2025-07-09,1964,1113,2270.0
126271,2025-07-09,2098,1100,2708.1
126271,2025-07-09,1372,682,1092.0
126271,2025-07-09,499,256,412.5
126271,2025-07-09,2440,1270,3256.25
126271,2025-07-09,1897,987,1840.5
126271,2025-07-09,1191,692,1174.5
126271,2025-07-09,1931,890,1919.0
126271,2025-07-09,1335,636,1052.0
126271,2025-07-09,1781,1006,1813.5
126271,2025-07-09,1466,785,1309.5
126271,2025-07-09,1028,494,746.25
126271,2025-07-09,1216,671,1092.0
126271,2025-07-09,1985,1004,1985.0
126272,2025-07-02,1723,1084,2271.75
126272,2025-07-02,1701,1288,1927.5
126272,2025-07-02,2008,1744,2551.75
126272,2025-07-02,1088,716,858.0
126272,2025-07-02,490,371,401.25
126272,2025-07-02,2083,1564,2715.625
126272,2025-07-02,1854,1067,1775.25
126272,2025-07-02,942,642,922.5
126272,2025-07-02,1646,1002,1612.625
126272,2025-07-02,1169,893,916.0
126272,2025-07-02,1702,729,1707.75
126272,2025-07-02,1439,917,1271.25
126272,2025-07-02,810,612,585.0
126272,2025-07-02,1196,392,1062.0
126272,2025-07-02,1633,1284,1592.5
126273,2025-07-02,1066,710,1404.0
126273,2025-07-02,1030,791,1172.5
126273,2025-07-02,1321,1040,1681.5
126273,2025-07-02,755,415,598.0
126273,2025-07-02,421,324,345.0
126273,2025-07-02,1219,996,1587.5
126273,2025-07-02,1058,528,1019.25
126273,2025-07-02,650,334,639.0
126273,2025-07-02,976,639,961.875
126273,2025-07-02,592,521,462.0
126273,2025-07-02,968,431,976.5
126273,2025-07-02,914,543,803.25
126273,2025-07-02,686,248,495.0
126273,2025-07-02,603,232,538.0
126273,2025-07-02,1093,763,1075.0
126332,2025-07-02,2254,1170,3009.5
126332,2025-07-02,2214,1093,2535.0
126332,2025-07-02,2196,1118,2820.2
126332,2025-07-02,1307,616,1040.0
126332,2025-07-02,603,252,495.0
126332,2025-07-02,2162,1120,2862.5
126332,2025-07-02,1913,1000,1858.5
126332,2025-07-02,1333,654,1300.5
126332,2025-07-02,1689,948,1676.75
126332,2025-07-02,1494,650,1168.0
126332,2025-07-02,1693,764,1714.5
126332,2025-07-02,1433,686,1278.0
126332,2025-07-02,1110,402,806.25
126332,2025-07-02,997,520,892.0
126332,2025-07-02,1724,880,1720.0
126347,2025-07-02,2133,1343,2840.5
126347,2025-07-02,1990,1331,2280.0
126347,2025-07-02,2029,1556,2596.0
126347,2025-07-02,1202,768,956.0
126347,2025-07-02,576,344,472.5
126347,2025-07-02,2084,1614,2743.75
126347,2025-07-02,1676,1098,1629.0
126347,2025-07-02,1106,706,1089.0
126347,2025-07-02,1642,1077,1629.25
126347,2025-07-02,1316,884,1036.0
126347,2025-07-02,1568,1040,1588.5
126347,2025-07-02,1424,806,1269.0
126347,2025-07-02,1050,490,761.25
126347,2025-07-02,899,534,804.0
126347,2025-07-02,1624,1259,1620.0
126354,2025-07-02,3047,1170,4030.0
126354,2025-07-02,2258,1800,2575.0
126354,2025-07-02,2451,2140,3127.0
126354,2025-07-02,1144,1010,900.0
126354,2025-07-02,668,460,543.75
126354,2025-07-02,2195,2220,2843.75
126354,2025-07-02,1679,1580,1620.0
126354,2025-07-02,1433,850,1395.0
126354,2025-07-02,1858,1420,1828.75
126354,2025-07-02,1247,1170,960.0
126354,2025-07-02,2013,1160,2025.0
126354,2025-07-02,1319,1250,1147.5
126354,2025-07-02,935,630,675.0
126354,2025-07-02,1037,890,920.0
126354,2025-07-02,2674,1560,2650.0
126390,2025-07-02,2697,1668,3588.0
126390,2025-07-02,2322,1440,2640.0
126390,2025-07-02,2818,1584,3610.7999999999997
126390,2025-07-02,1685,864,1320.0
126390,2025-07-02,673,336,540.0
126390,2025-07-02,2395,1428,3150.0
126390,2025-07-02,2438,1272,2349.0
126390,2025-07-02,1739,984,1701.0
126390,2025-07-02,2662,1500,2622.0
126390,2025-07-02,1054,528,816.0
126390,2025-07-02,2310,1332,2322.0
126390,2025-07-02,1544,1020,1350.0
126390,2025-07-02,957,468,675.0
126390,2025-07-02,1308,732,1152.0
126390,2025-07-02,2457,1524,2430.0
126439,2025-07-09,1932,1646,2561.0
126439,2025-07-09,2256,1807,2580.0
126439,2025-07-09,2347,2005,3003.1
126439,2025-07-09,1536,1042,1212.0
126439,2025-07-09,731,598,596.25
126439,2025-07-09,2243,2136,2937.5
126439,2025-07-09,1922,1525,1845.0
126439,2025-07-09,1269,773,1237.5
126439,2025-07-09,1936,1476,1909.5
126439,2025-07-09,1361,1049,1064.0
126439,2025-07-09,1750,1276,1764.0
126439,2025-07-09,1845,1062,1651.5
126439,2025-07-09,1001,820,720.0
126439,2025-07-09,1072,552,952.0
126439,2025-07-09,1793,1680,1735.0
126440,2025-07-09,1923,1698,2535.0
126440,2025-07-09,2234,1766,2555.0
126440,2025-07-09,2310,2025,2955.8999999999996
126440,2025-07-09,1546,1092,1220.0
126440,2025-07-09,722,606,588.75
126440,2025-07-09,2277,2170,2981.25
126440,2025-07-09,2138,1478,2047.5
126440,2025-07-09,1250,752,1219.5
126440,2025-07-09,1913,1433,1871.5
126440,2025-07-09,1356,1052,1060.0
126440,2025-07-09,1732,1308,1746.0
126440,2025-07-09,1839,1082,1633.5
126440,2025-07-09,973,824,701.25
126440,2025-07-09,1054,536,936.0
126440,2025-07-09,1769,1711,1710.0
126443,2025-07-23,3304,1968,3666.0
126443,2025-07-23,2369,3144,2160.0
126443,2025-07-23,2733,3792,2832.0
126443,2025-07-23,1903,1800,1248.0
126443,2025-07-23,1426,816,945.0
126443,2025-07-23,4401,2808,5100.0
126443,2025-07-23,2517,2664,1998.0
126443,2025-07-23,4270,888,3672.0
126443,2025-07-23,2522,2352,2052.0
126443,2025-07-23,2124,1824,1392.0
126443,2025-07-23,1733,2016,1404.0
126443,2025-07-23,2818,1872,2106.0
126443,2025-07-23,2007,1368,1215.0
126443,2025-07-23,2230,792,1632.0
126443,2025-07-23,1558,2568,1200.0
126444,2025-07-16,3249,1920,4316.0
126444,2025-07-16,3344,1952,3840.0
126444,2025-07-16,3586,1935,4578.4
126444,2025-07-16,2437,1247,1928.0
126444,2025-07-16,838,492,682.5
126444,2025-07-16,3105,1900,4100.0
126444,2025-07-16,2780,1596,2682.0
126444,2025-07-16,1602,1060,1566.0
126444,2025-07-16,2673,1562,2631.5
126444,2025-07-16,1862,945,1456.0
126444,2025-07-16,2961,1728,2979.0
126444,2025-07-16,2038,1181,1791.0
126444,2025-07-16,1101,704,795.0
126444,2025-07-16,1691,1080,1504.0
126444,2025-07-16,3154,1675,3090.0
126445,2025-07-16,3137,1735,4160.0
126445,2025-07-16,3256,1811,3740.0
126445,2025-07-16,3425,1864,4354.2
126445,2025-07-16,2515,1095,1992.0
126445,2025-07-16,810,400,660.0
126445,2025-07-16,2959,1784,3900.0
126445,2025-07-16,2658,1510,2565.0
126445,2025-07-16,1639,1017,1602.0
126445,2025-07-16,2626,1478,2584.0
126445,2025-07-16,1934,931,1512.0
126445,2025-07-16,2952,1316,2970.0
126445,2025-07-16,1956,1115,1719.0
126445,2025-07-16,1090,663,787.5
126445,2025-07-16,1476,800,1312.0
126445,2025-07-16,3040,1625,2980.0
126446,2025-07-16,1639,1220,2158.0
126446,2025-07-16,1736,1063,1960.0
126446,2025-07-16,1818,1136,2301.0
126446,2025-07-16,1060,683,840.0
126446,2025-07-16,338,244,277.5
126446,2025-07-16,1559,1140,2037.5
126446,2025-07-16,1582,980,1512.0
126446,2025-07-16,805,604,792.0
126446,2025-07-16,1321,840,1301.5
126446,2025-07-16,893,538,704.0
126446,2025-07-16,1476,922,1476.0
126446,2025-07-16,1008,684,891.0
126446,2025-07-16,611,428,442.5
126446,2025-07-16,849,564,760.0
126446,2025-07-16,1797,1067,1750.0
126447,2025-07-16,1521,1000,2002.0
126447,2025-07-16,1582,971,1790.0
126447,2025-07-16,1713,1083,2171.2
126447,2025-07-16,970,618,768.0
126447,2025-07-16,329,212,270.0
126447,2025-07-16,1483,1072,1937.5
126447,2025-07-16,1438,894,1377.0
126447,2025-07-16,767,560,756.0
126447,2025-07-16,1237,743,1216.0
126447,2025-07-16,862,488,680.0
126447,2025-07-16,1441,748,1440.0
126447,2025-07-16,986,640,873.0
126447,2025-07-16,642,420,465.0
126447,2025-07-16,758,464,680.0
126447,2025-07-16,1557,978,1520.0
126448,2025-07-09,4914,3516,6604.0
126448,2025-07-09,4020,3140,4620.0
126448,2025-07-09,5850,3755,7599.2
126448,2025-07-09,2654,2163,2112.0
126448,2025-07-09,1087,822,885.0
126448,2025-07-09,3522,2832,4687.5
126448,2025-07-09,2219,2378,2079.0
126448,2025-07-09,2051,1771,2016.0
126448,2025-07-09,3702,3035,3686.0
126448,2025-07-09,3410,2040,2704.0
126448,2025-07-09,2860,2528,2907.0
126448,2025-07-09,3006,2268,2709.0
126448,2025-07-09,1982,1428,1410.0
126448,2025-07-09,1858,1575,1648.0
126448,2025-07-09,4442,3459,4400.0
126456,2025-07-09,2126,790,2795.0
126456,2025-07-09,1366,745,1537.5
126456,2025-07-09,2344,1094,2950.0
126456,2025-07-09,784,415,620.0
126456,2025-07-09,346,165,281.25
126456,2025-07-09,1716,955,2234.375
126456,2025-07-09,1280,695,1226.25
126456,2025-07-09,935,505,911.25
126456,2025-07-09,1433,820,1401.25
126456,2025-07-09,792,385,620.0
126456,2025-07-09,1413,789,1406.25
126456,2025-07-09,971,540,855.0
126456,2025-07-09,521,235,375.0
126456,2025-07-09,733,400,650.0
126456,2025-07-09,1605,890,1587.5
126457,2025-07-09,2121,1356,2808.0
126457,2025-07-09,2038,1608,2310.0
126457,2025-07-09,2520,1920,3221.3999999999996
126457,2025-07-09,1066,972,840.0
126457,2025-07-09,494,336,405.0
126457,2025-07-09,2216,1836,2887.5
126457,2025-07-09,1490,1296,1431.0
126457,2025-07-09,1490,756,1458.0
126457,2025-07-09,1675,1452,1653.0
126457,2025-07-09,1570,1008,1224.0
126457,2025-07-09,1843,1248,1863.0
126457,2025-07-09,1659,1140,1458.0
126457,2025-07-09,1321,816,945.0
126457,2025-07-09,889,648,792.0
126457,2025-07-09,1699,1512,1680.0
126459,2025-07-09,1732,912,2301.0
126459,2025-07-09,1329,1092,1500.0
126459,2025-07-09,1606,1332,2053.2
126459,2025-07-09,760,588,600.0
126459,2025-07-09,410,276,337.5
126459,2025-07-09,1531,1200,1987.5
126459,2025-07-09,1206,804,1161.0
126459,2025-07-09,1240,396,1215.0
126459,2025-07-09,1421,696,1396.5
126459,2025-07-09,1202,732,936.0
126459,2025-07-09,1315,696,1323.0
126459,2025-07-09,1228,648,1080.0
126459,2025-07-09,967,528,697.5
126459,2025-07-09,917,432,816.0
126459,2025-07-09,1132,996,1110.0
126460,2025-07-09,2228,1220,2925.0
126460,2025-07-09,1814,1039,2050.0
126460,2025-07-09,2823,1440,3599.0
126460,2025-07-09,1123,700,880.0
126460,2025-07-09,783,420,637.5
126460,2025-07-09,1876,1240,2437.5
126460,2025-07-09,1539,1000,1485.0
126460,2025-07-09,1066,680,1035.0
126460,2025-07-09,2028,1040,1995.0
126460,2025-07-09,1241,580,960.0
126460,2025-07-09,1792,1000,1800.0
126460,2025-07-09,1733,1220,1530.0
126460,2025-07-09,845,380,600.0
126460,2025-07-09,898,600,800.0
126460,2025-07-09,1329,740,1300.0
126461,2025-07-09,2076,1200,2730.0
126461,2025-07-09,1858,940,2100.0
126461,2025-07-09,2683,1380,3422.0
126461,2025-07-09,1071,600,840.0
126461,2025-07-09,595,320,487.5
126461,2025-07-09,1738,1000,2250.0
126461,2025-07-09,1492,900,1440.0
126461,2025-07-09,1156,680,1125.0
126461,2025-07-09,1786,840,1757.5
126461,2025-07-09,992,460,760.0
126461,2025-07-09,1747,980,1755.0
126461,2025-07-09,1586,1140,1395.0
126461,2025-07-09,685,340,487.5
126461,2025-07-09,898,600,800.0
126461,2025-07-09,1432,819,1400.0
126466,2025-07-16,3760,520,4940.0
126466,2025-07-16,3795,880,4300.0
126466,2025-07-16,2725,1440,3422.0
126466,2025-07-16,2341,640,1840.0
126466,2025-07-16,1288,560,1050.0
126466,2025-07-16,3009,1160,3875.0
126466,2025-07-16,3354,760,3240.0
126466,2025-07-16,2676,520,2610.0
126466,2025-07-16,2992,400,2945.0
126466,2025-07-16,2172,720,1680.0
126466,2025-07-16,2775,1040,2790.0
126466,2025-07-16,1757,720,1530.0
126466,2025-07-16,2002,240,1425.0
126466,2025-07-16,1810,80,1600.0
126466,2025-07-16,2167,800,2100.0
126528,2025-07-16,1048,504,1384.5
126528,2025-07-16,974,696,1110.0
126528,2025-07-16,999,768,1274.3999999999999
126528,2025-07-16,560,396,420.0
126528,2025-07-16,346,258,258.75
126528,2025-07-16,1130,774,1481.25
126528,2025-07-16,857,552,837.0
126528,2025-07-16,661,252,634.5
126528,2025-07-16,819,540,783.75
126528,2025-07-16,628,444,480.0
126528,2025-07-16,1111,408,1120.5
126528,2025-07-16,669,468,580.5
126528,2025-07-16,524,252,360.0
126528,2025-07-16,485,234,408.0
126528,2025-07-16,858,558,825.0
126529,2025-07-16,939,504,1248.0
126529,2025-07-16,889,468,1020.0
126529,2025-07-16,971,810,1239.0
126529,2025-07-16,560,324,432.0
126529,2025-07-16,346,210,258.75
126529,2025-07-16,1029,666,1350.0
126529,2025-07-16,714,516,675.0
126529,2025-07-16,634,282,607.5
126529,2025-07-16,723,468,698.25
126529,2025-07-16,494,414,372.0
126529,2025-07-16,1030,366,1039.5
126529,2025-07-16,548,396,459.0
126529,2025-07-16,444,264,292.5
126529,2025-07-16,471,216,396.0
126529,2025-07-16,820,540,795.0
126538,2025-07-16,2146,1068,2847.0
126538,2025-07-16,1708,1392,1950.0
126538,2025-07-16,1940,1584,2478.0
126538,2025-07-16,1031,888,816.0
126538,2025-07-16,496,300,405.0
126538,2025-07-16,1998,1716,2625.0
126538,2025-07-16,1728,1211,1674.0
126538,2025-07-16,1405,695,1377.0
126538,2025-07-16,1507,1248,1482.0
126538,2025-07-16,1206,984,936.0
126538,2025-07-16,1627,984,1647.0
126538,2025-07-16,1506,972,1323.0
126538,2025-07-16,1025,396,742.5
126538,2025-07-16,647,648,576.0
126538,2025-07-16,1440,1416,1410.0
126539,2025-07-16,1995,804,2652.0
126539,2025-07-16,1681,1065,1920.0
126539,2025-07-16,1689,1354,2159.4
126539,2025-07-16,970,622,768.0
126539,2025-07-16,525,300,427.5
126539,2025-07-16,1711,1498,2250.0
126539,2025-07-16,1555,1032,1485.0
126539,2025-07-16,1350,600,1323.0
126539,2025-07-16,1607,955,1567.5
126539,2025-07-16,1206,635,936.0
126539,2025-07-16,1548,828,1566.0
126539,2025-07-16,1227,828,1080.0
126539,2025-07-16,934,300,675.0
126539,2025-07-16,674,516,600.0
126539,2025-07-16,1405,1152,1380.0
126540,2025-07-16,2025,1032,2691.0
126540,2025-07-16,1502,1258,1710.0
126540,2025-07-16,1912,1536,2442.6
126540,2025-07-16,912,694,720.0
126540,2025-07-16,496,299,405.0
126540,2025-07-16,1711,1535,2250.0
126540,2025-07-16,1514,1260,1458.0
126540,2025-07-16,1515,624,1485.0
126540,2025-07-16,1507,1125,1482.0
126540,2025-07-16,1051,864,816.0
126540,2025-07-16,1524,1032,1539.0
126540,2025-07-16,1473,935,1296.0
126540,2025-07-16,1058,359,765.0
126540,2025-07-16,674,612,600.0
126540,2025-07-16,1469,1354,1440.0
126544,2025-07-16,4740,3248,6084.0
126544,2025-07-16,4293,3536,4840.0
126544,2025-07-16,4748,4352,5994.4
126544,2025-07-16,3543,1488,2720.0
126544,2025-07-16,1400,656,1110.0
126544,2025-07-16,4591,4640,5850.0
126544,2025-07-16,3854,3088,3600.0
126544,2025-07-16,2413,1792,2304.0
126544,2025-07-16,3555,3024,3382.0
126544,2025-07-16,2417,2272,1824.0
126544,2025-07-16,3919,2416,3816.0
126544,2025-07-16,3342,2544,2844.0
126544,2025-07-16,1861,1600,1290.0
126544,2025-07-16,1959,928,1696.0
126544,2025-07-16,3950,3408,3760.0
126545,2025-07-17,3581,2592,4680.0
126545,2025-07-17,3622,3468,4020.0
126545,2025-07-17,3372,2892,4212.599999999999
126545,2025-07-17,2336,2340,1752.0
126545,2025-07-17,846,636,652.5
126545,2025-07-17,2438,2232,3112.5
126545,2025-07-17,2582,2652,2403.0
126545,2025-07-17,1838,1464,1728.0
126545,2025-07-17,2353,2484,2194.5
126545,2025-07-17,2313,2172,1728.0
126545,2025-07-17,3499,2724,3429.0
126545,2025-07-17,2200,2292,1836.0
126545,2025-07-17,1380,1404,945.0
126545,2025-07-17,1571,1608,1344.0
126545,2025-07-17,2543,2496,2430.0
126546,2025-07-16,1236,627,1641.25
126546,2025-07-16,1401,776,1577.5
126546,2025-07-16,1593,1050,2014.85
126546,2025-07-16,920,486,732.0
126546,2025-07-16,405,337,331.875
126546,2025-07-16,1482,923,1943.75
126546,2025-07-16,1296,678,1251.0
126546,2025-07-16,880,423,864.0
126546,2025-07-16,1100,667,1090.125
126546,2025-07-16,886,544,694.0
126546,2025-07-16,1211,557,1221.75
126546,2025-07-16,864,402,762.75
126546,2025-07-16,825,343,596.25
126546,2025-07-16,766,292,684.0
126546,2025-07-16,1152,705,1145.0
126547,2025-07-16,1389,689,1842.75
126547,2025-07-16,1428,774,1607.5
126547,2025-07-16,1716,1155,2206.6
126547,2025-07-16,1022,490,812.0
126547,2025-07-16,438,336,360.0
126547,2025-07-16,1585,1085,2065.625
126547,2025-07-16,1383,770,1334.25
126547,2025-07-16,904,510,891.0
126547,2025-07-16,1204,750,1192.25
126547,2025-07-16,899,635,704.0
126547,2025-07-16,1277,649,1287.0
126547,2025-07-16,948,489,837.0
126547,2025-07-16,785,379,568.125
126547,2025-07-16,811,284,724.0
126547,2025-07-16,1266,789,1257.5
126735,2025-07-23,2857,1429,3867.5
126735,2025-07-23,2604,1607,3020.0
126735,2025-07-23,3771,1924,4914.7
126735,2025-07-23,1701,893,1360.0
126735,2025-07-23,1252,596,1020.0
126735,2025-07-23,2908,1488,3918.75
126735,2025-07-23,2281,1385,2254.5
126735,2025-07-23,1408,674,1395.0
126735,2025-07-23,2257,1283,2275.25
126735,2025-07-23,2361,1029,1896.0
126735,2025-07-23,2217,1141,2277.0
126735,2025-07-23,2594,1143,2362.5
126735,2025-07-23,1770,784,1305.0
126735,2025-07-23,1092,716,980.0
126735,2025-07-23,2850,1568,2875.0
126736,2025-07-23,10578,4020,14365.0
126736,2025-07-23,7612,5660,8850.0
126736,2025-07-23,10202,6360,13334.0
126736,2025-07-23,5131,3530,4140.0
126736,2025-07-23,1260,1150,1031.25
126736,2025-07-23,12031,5240,16250.0
126736,2025-07-23,5868,4400,5805.0
126736,2025-07-23,4590,2840,4590.0
126736,2025-07-23,7198,5060,7267.5
126736,2025-07-23,8280,3990,6660.0
126736,2025-07-23,8438,4040,8685.0
126736,2025-07-23,4254,3360,3825.0
126736,2025-07-23,3677,2360,2681.25
126736,2025-07-23,5157,1340,4680.0
126736,2025-07-23,7576,5300,7675.0
126747,2025-07-23,5378,3864,7059.0
126747,2025-07-23,4617,3912,5190.0
126747,2025-07-23,4508,3660,5699.4
126747,2025-07-23,3257,2652,2520.0
126747,2025-07-23,1206,840,945.0
126747,2025-07-23,5147,3912,6712.5
126747,2025-07-23,3588,3168,3402.0
126747,2025-07-23,2664,2412,2565.0
126747,2025-07-23,3794,3132,3676.5
126747,2025-07-23,2257,2088,1704.0
126747,2025-07-23,3964,3192,3942.0
126747,2025-07-23,3227,2724,2781.0
126747,2025-07-23,1872,1416,1305.0
126747,2025-07-23,2038,1968,1776.0
126747,2025-07-23,3847,3552,3720.0
126749,2025-07-23,11278,3440,15288.0
126749,2025-07-23,3917,2400,4440.0
126749,2025-07-23,5376,3008,6891.2
126749,2025-07-23,3525,1920,2784.0
126749,2025-07-23,1412,720,1140.0
126749,2025-07-23,4860,2688,6400.0
126749,2025-07-23,3747,2302,3600.0
126749,2025-07-23,2357,1552,2304.0
126749,2025-07-23,7200,5440,7220.0
126749,2025-07-23,4269,2240,3328.0
126749,2025-07-23,5773,3344,5868.0
126749,2025-07-23,3284,2704,2880.0
126749,2025-07-23,884,704,630.0
126749,2025-07-23,2483,1600,2208.0
126749,2025-07-23,6802,5136,6760.0
126751,2025-07-23,1808,800,2340.0
126751,2025-07-23,1640,1340,1850.0
126751,2025-07-23,1751,1540,2183.0
126751,2025-07-23,822,760,640.0
126751,2025-07-23,552,400,450.0
126751,2025-07-23,1539,1660,1937.5
126751,2025-07-23,1597,1100,1530.0
126751,2025-07-23,891,640,855.0
126751,2025-07-23,1366,1040,1330.0
126751,2025-07-23,1240,740,960.0
126751,2025-07-23,1659,700,1665.0
126751,2025-07-23,1026,700,900.0
126751,2025-07-23,1100,540,787.5
126751,2025-07-23,632,360,560.0
126751,2025-07-23,1331,940,1300.0
126752,2025-07-23,1948,940,2535.0
126752,2025-07-23,1729,1240,1950.0
126752,2025-07-23,1976,1500,2478.0
126752,2025-07-23,768,680,600.0
126752,2025-07-23,736,480,600.0
126752,2025-07-23,1851,1860,2375.0
126752,2025-07-23,1731,1460,1665.0
126752,2025-07-23,1345,660,1305.0
126752,2025-07-23,1555,1060,1520.0
126752,2025-07-23,1395,940,1080.0
126752,2025-07-23,2016,1080,2025.0
126752,2025-07-23,1187,840,1035.0
126752,2025-07-23,1363,660,975.0
126752,2025-07-23,770,680,680.0
126752,2025-07-23,1538,1360,1500.0
126756,2025-07-30,7850,5231,10556.0
126756,2025-07-30,6499,5455,7360.0
126756,2025-07-30,11645,6560,15151.199999999999
126756,2025-07-30,4013,3567,3136.0
126756,2025-07-30,1200,1008,960.0
126756,2025-07-30,5619,4832,7400.0
126756,2025-07-30,5836,4752,5652.0
126756,2025-07-30,3779,3104,3672.0
126756,2025-07-30,4594,3872,4522.0
126756,2025-07-30,3984,3600,3072.0
126756,2025-07-30,4617,4095,4644.0
126756,2025-07-30,3763,3647,3240.0
126756,2025-07-30,3361,2672,2400.0
126756,2025-07-30,3548,3104,3136.0
126756,2025-07-30,4694,4351,4600.0
126758,2025-07-23,1386,148,1839.5
126758,2025-07-23,393,145,450.0
126758,2025-07-23,771,169,991.1999999999999
126758,2025-07-23,389,100,312.0
126758,2025-07-23,877,50,716.25
126758,2025-07-23,984,170,1300.0
126758,2025-07-23,488,150,477.0
126758,2025-07-23,905,100,891.0
126758,2025-07-23,475,123,475.0
126758,2025-07-23,250,124,200.0
126758,2025-07-23,558,117,567.0
126758,2025-07-23,389,124,346.5
126758,2025-07-23,210,98,153.75
126758,2025-07-23,353,74,320.0
126758,2025-07-23,679,150,675.0
126760,2025-07-30,3991,2136,5304.0
126760,2025-07-30,2849,1896,3240.0
126760,2025-07-30,3606,1776,4602.0
126760,2025-07-30,2302,1248,1824.0
126760,2025-07-30,1102,624,900.0
126760,2025-07-30,2687,1680,3525.0
126760,2025-07-30,2016,1440,1944.0
126760,2025-07-30,1218,888,1188.0
126760,2025-07-30,1850,1200,1824.0
126760,2025-07-30,1953,1056,1536.0
126760,2025-07-30,3053,1704,3078.0
126760,2025-07-30,2432,1704,2160.0
126760,2025-07-30,882,576,630.0
126760,2025-07-30,1293,936,1152.0
126760,2025-07-30,3036,1800,3000.0
126761,2025-07-30,2867,1792,3796.0
126761,2025-07-30,2013,1408,2280.0
126761,2025-07-30,3139,1872,4012.0
126761,2025-07-30,1705,1152,1344.0
126761,2025-07-30,1039,592,840.0
126761,2025-07-30,2747,1856,3600.0
126761,2025-07-30,1721,1424,1656.0
126761,2025-07-30,1286,992,1260.0
126761,2025-07-30,2462,1552,2432.0
126761,2025-07-30,1480,928,1152.0
126761,2025-07-30,2823,1616,2844.0
126761,2025-07-30,1883,1456,1656.0
126761,2025-07-30,762,576,540.0
126761,2025-07-30,1097,880,960.0
126761,2025-07-30,2277,1568,2240.0
126823,2025-07-30,1189,895,1576.25
126823,2025-07-30,1091,1045,1237.5
126823,2025-07-30,1076,794,1371.75
126823,2025-07-30,686,630,540.0
126823,2025-07-30,355,180,290.625
126823,2025-07-30,1013,870,1328.125
126823,2025-07-30,718,630,686.25
126823,2025-07-30,743,554,731.25
126823,2025-07-30,928,780,914.375
126823,2025-07-30,677,490,530.0
126823,2025-07-30,985,675,990.0
126823,2025-07-30,875,730,776.25
126823,2025-07-30,450,435,318.75
126823,2025-07-30,460,405,410.0
126823,2025-07-30,848,705,837.5
126861,2025-07-30,2211,816,2938.0
126861,2025-07-30,1646,1200,1880.0
126861,2025-07-30,1697,1344,2171.2
126861,2025-07-30,885,760,704.0
126861,2025-07-30,604,375,495.0
126861,2025-07-30,1783,1360,2350.0
126861,2025-07-30,1333,952,1296.0
126861,2025-07-30,1007,760,990.0
126861,2025-07-30,1321,951,1311.0
126861,2025-07-30,780,680,608.0
126861,2025-07-30,1135,1000,1152.0
126861,2025-07-30,1299,920,1152.0
126861,2025-07-30,662,464,480.0
126861,2025-07-30,696,544,624.0
126861,2025-07-30,1562,1232,1560.0
126862,2025-07-30,2153,951,2860.0
126862,2025-07-30,1681,1120,1920.0
126862,2025-07-30,1603,1376,2053.2
126862,2025-07-30,825,688,656.0
126862,2025-07-30,531,344,435.0
126862,2025-07-30,1783,1336,2350.0
126862,2025-07-30,1259,928,1224.0
126862,2025-07-30,1028,760,1008.0
126862,2025-07-30,1399,952,1387.0
126862,2025-07-30,780,704,608.0
126862,2025-07-30,1064,944,1080.0
126862,2025-07-30,1278,951,1134.0
126862,2025-07-30,683,480,495.0
126862,2025-07-30,678,520,608.0
126862,2025-07-30,1745,1256,1740.0
126941,2025-08-06,1561,360,2076.75
126941,2025-08-06,580,173,670.0
126941,2025-08-06,968,272,1253.75
126941,2025-08-06,394,143,318.0
126941,2025-08-06,613,144,504.375
126941,2025-08-06,1099,311,1459.375
126941,2025-08-06,419,168,407.25
126941,2025-08-06,1009,192,996.75
126941,2025-08-06,626,180,627.0
126941,2025-08-06,232,72,184.0
126941,2025-08-06,626,167,639.0
126941,2025-08-06,561,168,499.5
126941,2025-08-06,176,72,129.375
126941,2025-08-06,357,120,326.0
126941,2025-08-06,645,238,647.5
127046,2025-08-13,5679,4488,7605.0
127046,2025-08-13,4930,4548,5640.0
127046,2025-08-13,5635,4872,7257.0
127046,2025-08-13,3396,2064,2664.0
127046,2025-08-13,1291,1140,1012.5
127046,2025-08-13,5658,4536,7537.5
127046,2025-08-13,4623,3900,4455.0
127046,2025-08-13,3284,2436,3213.0
127046,2025-08-13,4697,3948,4617.0
127046,2025-08-13,2905,2724,2232.0
127046,2025-08-13,4830,3828,4860.0
127046,2025-08-13,3653,2856,3213.0
127046,2025-08-13,2235,2076,1575.0
127046,2025-08-13,2179,1692,1920.0
127046,2025-08-13,4644,4188,4560.0
127109,2025-08-06,4810,2960,6305.0
127109,2025-08-06,5962,3380,6800.0
127109,2025-08-06,4917,3520,6254.0
127109,2025-08-06,3297,1620,2600.0
127109,2025-08-06,1585,1220,1275.0
127109,2025-08-06,5845,4040,7750.0
127109,2025-08-06,4820,3400,4635.0
127109,2025-08-06,2502,2140,2430.0
127109,2025-08-06,3883,3080,3800.0
127109,2025-08-06,2698,1720,2080.0
127109,2025-08-06,5630,2800,5715.0
127109,2025-08-06,3707,2800,3240.0
127109,2025-08-06,2485,1560,1762.5
127109,2025-08-06,3471,1280,3080.0
127109,2025-08-06,4578,3240,4450.0
127110,2025-08-06,4810,2720,6305.0
127110,2025-08-06,6313,3060,7200.0
127110,2025-08-06,4719,3480,6018.0
127110,2025-08-06,3704,1480,2920.0
127110,2025-08-06,1403,1080,1125.0
127110,2025-08-06,5597,4020,7375.0
127110,2025-08-06,4914,3480,4725.0
127110,2025-08-06,2577,2160,2520.0
127110,2025-08-06,3932,2939,3847.5
127110,2025-08-06,2750,1640,2120.0
127110,2025-08-06,5385,2760,5445.0
127110,2025-08-06,3451,2700,3015.0
127110,2025-08-06,2744,1600,1950.0
127110,2025-08-06,3329,1380,2960.0
127110,2025-08-06,4761,3180,4650.0
127111,2025-08-06,11023,8560,14885.0
127111,2025-08-06,14347,10175,16700.0
127111,2025-08-06,12538,8580,16402.0
127111,2025-08-06,9232,6924,7360.0
127111,2025-08-06,3779,2340,3000.0
127111,2025-08-06,11827,9160,15937.5
127111,2025-08-06,10798,7080,10620.0
127111,2025-08-06,7216,6248,7155.0
127111,2025-08-06,9846,7080,9880.0
127111,2025-08-06,9316,5480,7360.0
127111,2025-08-06,9525,7060,9765.0
127111,2025-08-06,7903,6120,7065.0
127111,2025-08-06,5965,3780,4275.0
127111,2025-08-06,7059,5298,6360.0
127111,2025-08-06,11226,7920,11250.0
127139,2025-07-31,155,48,208.0
127139,2025-07-31,52,60,60.0
127139,2025-07-31,132,130,171.1
127139,2025-07-31,82,68,64.0
127139,2025-07-31,67,26,45.0
127139,2025-07-31,239,132,312.5
127139,2025-07-31,119,90,112.5
127139,2025-07-31,56,62,54.0
127139,2025-07-31,154,114,156.75
127139,2025-07-31,38,36,28.0
127139,2025-07-31,125,94,130.5
127139,2025-07-31,86,66,76.5
127139,2025-07-31,32,34,22.5
127139,2025-07-31,61,24,56.0
127139,2025-07-31,141,122,145.0
127145,2025-07-31,146,32,195.0
127145,2025-07-31,136,136,160.0
127145,2025-07-31,195,100,247.79999999999998
127145,2025-07-31,94,80,72.0
127145,2025-07-31,103,42,63.75
127145,2025-07-31,272,130,356.25
127145,2025-07-31,142,80,139.5
127145,2025-07-31,108,46,108.0
127145,2025-07-31,208,100,209.0
127145,2025-07-31,84,74,64.0
127145,2025-07-31,177,72,180.0
127145,2025-07-31,236,90,211.5
127145,2025-07-31,69,72,41.25
127145,2025-07-31,163,154,165.0
127147,2025-08-13,1863,1446,2418.0
127147,2025-08-13,1255,1099,1395.0
127147,2025-08-13,1713,1321,2141.7
127147,2025-08-13,1008,821,768.0
127147,2025-08-13,421,240,337.5
127147,2025-08-13,1467,1380,1875.0
127147,2025-08-13,1171,1092,1107.0
127147,2025-08-13,1010,630,972.0
127147,2025-08-13,1341,1050,1296.75
127147,2025-08-13,630,660,468.0
127147,2025-08-13,1342,1110,1323.0
127147,2025-08-13,989,941,850.5
127147,2025-08-13,487,462,337.5
127147,2025-08-13,708,504,612.0
127147,2025-08-13,1308,1173,1260.0
127176,2025-08-20,10078,4632,13728.0
127176,2025-08-20,4830,3756,5520.0
127176,2025-08-20,10355,5016,13522.8
127176,2025-08-20,5915,3804,4752.0
127176,2025-08-20,780,684,630.0
127176,2025-08-20,5001,3228,6675.0
127176,2025-08-20,3806,2844,3699.0
127176,2025-08-20,2621,1668,2592.0
127176,2025-08-20,3504,2220,3477.0
127176,2025-08-20,3725,2592,2952.0
127176,2025-08-20,5043,2904,5130.0
127176,2025-08-20,4160,2940,3726.0
127176,2025-08-20,3024,1824,2205.0
127176,2025-08-20,2032,1415,1800.0
127176,2025-08-20,3603,2436,3570.0
127203,2025-08-13,9971,4816,13520.0
127203,2025-08-13,5983,4304,6840.0
127203,2025-08-13,6617,4224,8496.0
127203,2025-08-13,4382,1840,3488.0
127203,2025-08-13,1615,1184,1320.0
127203,2025-08-13,5535,4048,7350.0
127203,2025-08-13,4775,3936,4644.0
127203,2025-08-13,3103,2192,3060.0
127203,2025-08-13,4941,3872,4902.0
127203,2025-08-13,4261,2688,3360.0
127203,2025-08-13,5227,3520,5292.0
127203,2025-08-13,4565,3088,4032.0
127203,2025-08-13,2336,1952,1680.0
127203,2025-08-13,3755,1888,3360.0
127203,2025-08-13,4045,3248,4000.0
127488,2025-08-27,1723,1836,2145.0
127488,2025-08-27,1779,1805,1920.0
127488,2025-08-27,1992,1980,2424.9
127488,2025-08-27,987,1092,720.0
127488,2025-08-27,546,504,416.25
127488,2025-08-27,1946,1986,2437.5
127488,2025-08-27,1790,1824,1647.0
127488,2025-08-27,980,864,904.5
127488,2025-08-27,1415,1473,1325.25
127488,2025-08-27,1301,1230,972.0
127488,2025-08-27,1586,1470,1512.0
127488,2025-08-27,1379,1200,1174.5
127488,2025-08-27,996,912,663.75
127488,2025-08-27,1018,894,864.0
127488,2025-08-27,1724,1734,1620.0
127489,2025-08-27,6925,6450,8677.5
127489,2025-08-27,7760,6810,8362.5
127489,2025-08-27,7562,7110,9204.0
127489,2025-08-27,5009,4035,3720.0
127489,2025-08-27,2031,1530,1490.625
127489,2025-08-27,8376,7410,10546.875
127489,2025-08-27,7339,5730,6750.0
127489,2025-08-27,3880,4410,3510.0
127489,2025-08-27,5824,5385,5379.375
127489,2025-08-27,4913,4650,3630.0
127489,2025-08-27,6673,4860,6345.0
127489,2025-08-27,5793,4860,4860.0
127489,2025-08-27,3995,3090,2700.0
127489,2025-08-27,3828,2955,3150.0
127489,2025-08-27,6280,6658,5812.5
127537,2025-08-22,1972,1072,2574.0
127537,2025-08-22,1880,778,2080.0
127537,2025-08-22,1952,1056,2442.6
127537,2025-08-22,4586,1978,3600.0
127537,2025-08-22,127,124,105.0
127537,2025-08-22,1975,1076,2562.5
127537,2025-08-22,554,299,522.0
127537,2025-08-22,370,119,360.0
127537,2025-08-22,977,560,950.0
127537,2025-08-22,161,105,128.0
127537,2025-08-22,1323,664,1305.0
127537,2025-08-22,4298,2350,3834.0
127537,2025-08-22,305,132,217.5
127537,2025-08-22,559,343,488.0
127537,2025-08-22,1481,703,1420.0
127538,2025-08-15,17284,13054,13736.0
127538,2025-08-15,11828,9292,10638.0
127539,2025-08-22,2114,1232,2782.0
127539,2025-08-22,1883,894,2110.0
127539,2025-08-22,1959,1096,2466.2
127539,2025-08-22,4877,2278,3832.0
127539,2025-08-22,163,144,135.0
127539,2025-08-22,2019,1138,2637.5
127539,2025-08-22,617,358,585.0
127539,2025-08-22,444,256,432.0
127539,2025-08-22,1146,475,1111.5
127539,2025-08-22,183,120,144.0
127539,2025-08-22,1406,750,1395.0
127539,2025-08-22,4168,3214,3690.0
127539,2025-08-22,295,128,210.0
127539,2025-08-22,717,441,632.0
127539,2025-08-22,1780,845,1720.0
127540,2025-08-15,18606,15664,14800.0
127540,2025-08-15,13606,8832,12213.0
127542,2025-08-20,7630,3360,10296.0
127542,2025-08-20,10575,4198,12210.0
127542,2025-08-20,6180,4188,8000.4
127542,2025-08-20,7456,3588,5976.0
127542,2025-08-20,1934,1080,1575.0
127542,2025-08-20,11677,5256,15675.0
127542,2025-08-20,6275,3576,6129.0
127542,2025-08-20,3201,2364,3132.0
127542,2025-08-20,7711,3600,7723.5
127542,2025-08-20,4769,1740,3744.0
127542,2025-08-20,5088,2628,5130.0
127542,2025-08-20,5218,2400,4644.0
127542,2025-08-20,2243,1320,1597.5
127542,2025-08-20,2616,1416,2328.0
127542,2025-08-20,7679,3600,7620.0
127545,2025-08-20,7515,3000,10140.0
127545,2025-08-20,10523,4068,12150.0
127545,2025-08-20,5824,3228,7540.2
127545,2025-08-20,7110,2974,5688.0
127545,2025-08-20,1850,960,1507.5
127545,2025-08-20,11146,4644,14962.5
127545,2025-08-20,6330,2304,6183.0
127545,2025-08-20,2961,1511,2889.0
127545,2025-08-20,7472,2988,7438.5
127545,2025-08-20,4338,1428,3384.0
127545,2025-08-20,4976,2159,4995.0
127545,2025-08-20,4845,1764,4293.0
127545,2025-08-20,2091,1332,1485.0
127545,2025-08-20,2454,1176,2184.0
127545,2025-08-20,7144,2988,7110.0
127547,2025-08-15,422,344,559.0
127547,2025-08-15,446,365,505.0
127547,2025-08-15,539,431,690.3
127547,2025-08-15,333,266,264.0
127547,2025-08-15,146,34,123.75
127547,2025-08-15,631,454,831.25
127547,2025-08-15,522,312,504.0
127547,2025-08-15,417,319,414.0
127547,2025-08-15,508,288,503.5
127547,2025-08-15,383,304,300.0
127547,2025-08-15,552,257,558.0
127547,2025-08-15,435,306,382.5
127547,2025-08-15,250,179,180.0
127547,2025-08-15,400,256,360.0
127547,2025-08-15,495,392,485.0
127549,2025-08-20,1840,1164,2424.5
127549,2025-08-20,2258,1344,2580.0
127549,2025-08-20,2142,1841,2702.2
127549,2025-08-20,1420,848,1116.0
127549,2025-08-20,515,456,416.25
127549,2025-08-20,2157,1568,2818.75
127549,2025-08-20,1919,1332,1827.0
127549,2025-08-20,1112,774,1075.5
127549,2025-08-20,1697,1214,1662.5
127549,2025-08-20,1348,1012,1040.0
127549,2025-08-20,1613,982,1620.0
127549,2025-08-20,1431,1094,1255.5
127549,2025-08-20,923,736,656.25
127549,2025-08-20,1112,343,980.0
127549,2025-08-20,1587,1490,1550.0
127550,2025-08-20,1878,1146,2476.5
127550,2025-08-20,2208,1444,2520.0
127550,2025-08-20,2056,1953,2596.0
127550,2025-08-20,1382,844,1088.0
127550,2025-08-20,530,456,427.5
127550,2025-08-20,2177,1512,2843.75
127550,2025-08-20,1957,1260,1863.0
127550,2025-08-20,1084,738,1048.5
127550,2025-08-20,1717,1182,1681.5
127550,2025-08-20,1348,1004,1040.0
127550,2025-08-20,1613,979,1620.0
127550,2025-08-20,1420,1086,1246.5
127550,2025-08-20,907,752,645.0
127550,2025-08-20,1159,396,1020.0
127550,2025-08-20,1531,1490,1490.0
127563,2025-08-20,3190,2820,4134.0
127563,2025-08-20,3833,2892,4285.0
127563,2025-08-20,3981,3000,5000.25
127563,2025-08-20,2366,1764,1840.0
127563,2025-08-20,1104,720,886.875
127563,2025-08-20,3979,3072,5171.875
127563,2025-08-20,3622,2772,3440.25
127563,2025-08-20,1978,1224,1901.25
127563,2025-08-20,3441,2592,3329.75
127563,2025-08-20,2367,2256,1808.0
127563,2025-08-20,3148,2340,3109.5
127563,2025-08-20,2381,2184,2070.0
127563,2025-08-20,1727,1632,1213.125
127563,2025-08-20,1612,1248,1412.0
127563,2025-08-20,3314,3204,3197.5
127714,2025-08-27,6956,3432,9399.0
127714,2025-08-27,3920,2712,4470.0
127714,2025-08-27,5261,2868,6796.799999999999
127714,2025-08-27,5439,2484,4320.0
127714,2025-08-27,612,564,495.0
127714,2025-08-27,4403,2844,5850.0
127714,2025-08-27,2815,2028,2727.0
127714,2025-08-27,1745,1332,1701.0
127714,2025-08-27,2210,1632,2137.5
127714,2025-08-27,3584,1764,2832.0
127714,2025-08-27,3893,2196,3942.0
127714,2025-08-27,3592,2232,3186.0
127714,2025-08-27,1611,1175,1147.5
127714,2025-08-27,1160,1008,1032.0
127714,2025-08-27,3102,2100,3060.0
127852,2025-08-27,1404,1087,1807.0
127852,2025-08-27,1679,961,1870.0
127852,2025-08-27,1680,1368,2100.4
127852,2025-08-27,1022,468,792.0
127852,2025-08-27,343,288,277.5
127852,2025-08-27,1543,1232,1987.5
127852,2025-08-27,1463,1020,1386.0
127852,2025-08-27,822,634,792.0
127852,2025-08-27,1362,952,1311.0
127852,2025-08-27,987,688,760.0
127852,2025-08-27,1299,1011,1278.0
127852,2025-08-27,974,807,846.0
127852,2025-08-27,542,492,375.0
127852,2025-08-27,664,500,584.0
127852,2025-08-27,1181,1260,1100.0
127853,2025-08-27,1717,1444,2249.0
127853,2025-08-27,1772,1046,1990.0
127853,2025-08-27,2308,1864,2914.6
127853,2025-08-27,1232,540,952.0
127853,2025-08-27,461,360,367.5
127853,2025-08-27,1910,1640,2487.5
127853,2025-08-27,1557,1262,1476.0
127853,2025-08-27,847,715,819.0
127853,2025-08-27,1771,1236,1719.5
127853,2025-08-27,1059,772,816.0
127853,2025-08-27,1479,1295,1467.0
127853,2025-08-27,1035,896,900.0
127853,2025-08-27,523,532,360.0
127853,2025-08-27,709,612,624.0
127853,2025-08-27,1322,1330,1260.0
127854,2025-08-27,678,831,825.5
127854,2025-08-27,514,460,550.0
127854,2025-08-27,753,629,908.5999999999999
127854,2025-08-27,314,299,240.0
127854,2025-08-27,175,136,142.5
127854,2025-08-27,755,718,950.0
127854,2025-08-27,599,598,553.5
127854,2025-08-27,367,298,351.0
127854,2025-08-27,552,504,522.5
127854,2025-08-27,343,320,260.0
127854,2025-08-27,555,545,535.5
127854,2025-08-27,392,380,333.0
127854,2025-08-27,219,246,150.0
127854,2025-08-27,311,262,272.0
127854,2025-08-27,541,591,500.0
127855,2025-08-27,706,718,903.5
127855,2025-08-27,599,526,660.0
127855,2025-08-27,814,658,1003.0
127855,2025-08-27,447,358,344.0
127855,2025-08-27,173,164,142.5
127855,2025-08-27,867,772,1106.25
127855,2025-08-27,714,622,675.0
127855,2025-08-27,385,320,373.5
127855,2025-08-27,599,530,574.75
127855,2025-08-27,440,370,336.0
127855,2025-08-27,664,542,657.0
127855,2025-08-27,408,372,351.0
127855,2025-08-27,269,254,187.5
127855,2025-08-27,363,288,320.0
127855,2025-08-27,593,536,555.0
127856,2025-08-27,695,673,884.0
127856,2025-08-27,655,454,725.0
127856,2025-08-27,902,505,1115.1
127856,2025-08-27,541,220,416.0
127856,2025-08-27,288,184,232.5
127856,2025-08-27,814,516,1043.75
127856,2025-08-27,437,484,405.0
127856,2025-08-27,385,358,373.5
127856,2025-08-27,626,486,603.25
127856,2025-08-27,359,294,276.0
127856,2025-08-27,529,498,522.0
127856,2025-08-27,424,384,364.5
127856,2025-08-27,226,238,157.5
127856,2025-08-27,288,293,256.0
127856,2025-08-27,468,514,435.0
127857,2025-08-27,1742,1640,2210.0
127857,2025-08-27,2273,1700,2500.0
127857,2025-08-27,2068,1659,2537.0
127857,2025-08-27,1311,1280,1000.0
127857,2025-08-27,610,440,487.5
127857,2025-08-27,1736,1780,2187.5
127857,2025-08-27,2214,1740,2070.0
127857,2025-08-27,1434,1520,1350.0
127857,2025-08-27,1503,1362,1425.0
127857,2025-08-27,1380,1340,1040.0
127857,2025-08-27,1530,1340,1485.0
127857,2025-08-27,1421,1300,1215.0
127857,2025-08-27,1026,760,712.5
127857,2025-08-27,893,860,760.0
127857,2025-08-27,1919,1560,1850.0
127860,2025-08-27,2222,2178,2866.5
127860,2025-08-27,4539,2808,5175.0
127860,2025-08-27,3423,3096,4354.2
127860,2025-08-27,3084,1422,2448.0
127860,2025-08-27,1499,882,1215.0
127860,2025-08-27,3657,3384,4781.25
127860,2025-08-27,3989,2484,3847.5
127860,2025-08-27,2772,1170,2713.5
127860,2025-08-27,3343,2080,3291.75
127860,2025-08-27,2804,2106,2196.0
127860,2025-08-27,3256,2520,3280.5
127860,2025-08-27,3614,1656,3199.5
127860,2025-08-27,2414,954,1721.25
127860,2025-08-27,2082,1133,1836.0
127860,2025-08-27,3418,3096,3375.0
127890,2025-09-17,1626,549,2158.0
127890,2025-09-17,1015,658,1150.0
127890,2025-09-17,1426,1060,1817.1999999999998
127890,2025-09-17,635,506,504.0
127890,2025-09-17,255,204,210.0
127890,2025-09-17,1233,1026,1625.0
127890,2025-09-17,1089,724,1053.0
127890,2025-09-17,601,388,594.0
127890,2025-09-17,1193,727,1178.0
127890,2025-09-17,646,494,504.0
127890,2025-09-17,1305,584,1314.0
127890,2025-09-17,731,560,648.0
127890,2025-09-17,409,332,292.5
127890,2025-09-17,517,236,464.0
127890,2025-09-17,1291,836,1270.0
127891,2025-09-17,1529,552,2028.0
127891,2025-09-17,890,588,1010.0
127891,2025-09-17,1379,1020,1758.1999999999998
127891,2025-09-17,592,470,472.0
127891,2025-09-17,274,198,225.0
127891,2025-09-17,1223,984,1612.5
127891,2025-09-17,1015,678,981.0
127891,2025-09-17,543,378,531.0
127891,2025-09-17,1164,712,1149.5
127891,2025-09-17,603,468,472.0
127891,2025-09-17,1250,582,1260.0
127891,2025-09-17,711,536,630.0
127891,2025-09-17,377,300,270.0
127891,2025-09-17,473,268,424.0
127891,2025-09-17,1215,893,1190.0
127914,2025-09-03,1384,1053,1842.75
127914,2025-09-03,1639,1233,1867.5
127914,2025-09-03,1786,1429,2283.2999999999997
127914,2025-09-03,1047,585,828.0
127914,2025-09-03,511,297,421.875
127914,2025-09-03,1581,1161,2081.25
127914,2025-09-03,1462,891,1417.5
127914,2025-09-03,1292,297,1275.75
127914,2025-09-03,1252,945,1239.75
127914,2025-09-03,1209,549,936.0
127914,2025-09-03,1115,702,1113.75
127914,2025-09-03,1103,701,972.0
127914,2025-09-03,819,351,590.625
127914,2025-09-03,803,252,720.0
127914,2025-09-03,1184,1089,1170.0
128048,2025-09-03,2513,2004,3354.0
128048,2025-09-03,2446,1884,2790.0
128048,2025-09-03,2574,2052,3292.2
128048,2025-09-03,1169,1272,912.0
128048,2025-09-03,826,480,675.0
128048,2025-09-03,2271,1860,3000.0
128048,2025-09-03,2008,1584,1944.0
128048,2025-09-03,1485,1248,1458.0
128048,2025-09-03,1873,1474,1852.5
128048,2025-09-03,1881,1536,1464.0
128048,2025-09-03,1712,1476,1728.0
128048,2025-09-03,1632,1344,1431.0
128048,2025-09-03,1066,948,765.0
128048,2025-09-03,1136,960,1008.0
128048,2025-09-03,1965,1680,1950.0
128054,2025-09-10,4450,2220,5720.0
128054,2025-09-10,5988,3280,6850.0
128054,2025-09-10,4449,2220,5664.0
128054,2025-09-10,3250,1460,2360.0
128054,2025-09-10,1206,580,937.5
128054,2025-09-10,4665,2240,6187.5
128054,2025-09-10,3959,1940,3825.0
128054,2025-09-10,2931,1360,2745.0
128054,2025-09-10,4083,1880,4037.5
128054,2025-09-10,3395,1540,2640.0
128054,2025-09-10,3842,2060,3690.0
128054,2025-09-10,3698,1780,3240.0
128054,2025-09-10,2056,1000,1462.5
128054,2025-09-10,2233,1340,2000.0
128054,2025-09-10,3897,1980,3850.0
128056,2025-09-03,810,524,1085.5
128056,2025-09-03,1298,668,1480.0
128056,2025-09-03,1084,773,1386.5
128056,2025-09-03,907,364,724.0
128056,2025-09-03,334,210,277.5
128056,2025-09-03,979,758,1300.0
128056,2025-09-03,827,602,805.5
128056,2025-09-03,763,247,756.0
128056,2025-09-03,856,645,850.25
128056,2025-09-03,773,480,604.0
128056,2025-09-03,789,554,801.0
128056,2025-09-03,951,408,841.5
128056,2025-09-03,538,300,386.25
128056,2025-09-03,459,230,412.0
128056,2025-09-03,773,592,770.0
128057,2025-09-03,824,560,1105.0
128057,2025-09-03,1324,619,1510.0
128057,2025-09-03,1070,748,1368.8
128057,2025-09-03,917,388,732.0
128057,2025-09-03,347,205,288.75
128057,2025-09-03,998,736,1325.0
128057,2025-09-03,874,642,850.5
128057,2025-09-03,773,282,765.0
128057,2025-09-03,899,601,893.0
128057,2025-09-03,799,494,624.0
128057,2025-09-03,816,562,828.0
128057,2025-09-03,931,432,823.5
128057,2025-09-03,563,276,405.0
128057,2025-09-03,471,240,424.0
128057,2025-09-03,814,620,810.0
128087,2025-09-11,6862,4140,9018.75
128087,2025-09-11,7523,5235,8550.0
128087,2025-09-11,8574,7320,11018.25
128087,2025-09-11,4064,2940,3120.0
128087,2025-09-11,1763,1455,1406.25
128087,2025-09-11,6805,6060,9000.0
128087,2025-09-11,5657,4995,5366.25
128087,2025-09-11,3554,3150,3375.0
128087,2025-09-11,6670,4470,6448.125
128087,2025-09-11,4440,4380,3330.0
128087,2025-09-11,6102,4425,6041.25
128087,2025-09-11,4440,4920,3746.25
128087,2025-09-11,3261,3075,2278.125
128087,2025-09-11,3714,1800,3210.0
128087,2025-09-11,6336,6090,6112.5
128126,2025-09-10,3737,2760,4992.0
128126,2025-09-10,3700,3072,4230.0
128126,2025-09-10,3674,3072,4708.2
128126,2025-09-10,1930,1752,1512.0
128126,2025-09-10,830,660,675.0
128126,2025-09-10,3979,3336,5287.5
128126,2025-09-10,3174,2640,3078.0
128126,2025-09-10,1830,1524,1782.0
128126,2025-09-10,3080,2484,3049.5
128126,2025-09-10,2081,2004,1584.0
128126,2025-09-10,3144,1908,3186.0
128126,2025-09-10,2326,2064,2025.0
128126,2025-09-10,1645,1260,1170.0
128126,2025-09-10,1976,864,1752.0
128126,2025-09-10,3134,2868,3090.0
128128,2025-09-10,3588,2424,4797.0
128128,2025-09-10,3308,2808,3780.0
128128,2025-09-10,3479,3084,4460.4
128128,2025-09-10,1747,1572,1368.0
128128,2025-09-10,856,540,697.5
128128,2025-09-10,3698,3156,4912.5
128128,2025-09-10,2929,2544,2835.0
128128,2025-09-10,1554,1452,1512.0
128128,2025-09-10,2857,2292,2821.5
128128,2025-09-10,1923,1860,1464.0
128128,2025-09-10,3010,1800,3051.0
128128,2025-09-10,2291,2052,1998.0
128128,2025-09-10,1456,1188,1035.0
128128,2025-09-10,1737,852,1536.0
128128,2025-09-10,2978,2700,2940.0
128139,2025-09-24,5729,3012,7527.0
128139,2025-09-24,5722,4056,6540.0
128139,2025-09-24,6090,4848,7823.4
128139,2025-09-24,3666,1944,2832.0
128139,2025-09-24,1234,912,990.0
128139,2025-09-24,6283,5532,8362.5
128139,2025-09-24,4853,3708,4617.0
128139,2025-09-24,2942,2169,2808.0
128139,2025-09-24,4566,2472,4446.0
128139,2025-09-24,3359,2890,2544.0
128139,2025-09-24,4806,2928,4779.0
128139,2025-09-24,3896,2592,3321.0
128139,2025-09-24,2360,2064,1665.0
128139,2025-09-24,3011,1044,2616.0
128139,2025-09-24,4667,3816,4530.0
128142,2025-09-10,1292,952,1716.0
128142,2025-09-10,1366,704,1560.0
128142,2025-09-10,1507,1204,1923.3999999999999
128142,2025-09-10,925,432,736.0
128142,2025-09-10,464,328,382.5
128142,2025-09-10,1364,1271,1800.0
128142,2025-09-10,1360,862,1314.0
128142,2025-09-10,1005,468,990.0
128142,2025-09-10,1075,764,1064.0
128142,2025-09-10,848,599,656.0
128142,2025-09-10,1261,624,1278.0
128142,2025-09-10,1042,580,918.0
128142,2025-09-10,680,328,495.0
128142,2025-09-10,828,76,744.0
128142,2025-09-10,1198,880,1190.0
128143,2025-09-10,1273,948,1677.0
128143,2025-09-10,1508,554,1710.0
128143,2025-09-10,1488,1228,1888.0
128143,2025-09-10,910,448,720.0
128143,2025-09-10,459,332,375.0
128143,2025-09-10,1309,1266,1712.5
128143,2025-09-10,1295,818,1242.0
128143,2025-09-10,1003,396,981.0
128143,2025-09-10,1083,732,1064.0
128143,2025-09-10,843,627,648.0
128143,2025-09-10,1234,604,1242.0
128143,2025-09-10,1035,592,909.0
128143,2025-09-10,665,388,480.0
128143,2025-09-10,807,68,720.0
128143,2025-09-10,1219,860,1200.0
128144,2025-09-10,1875,1668,2496.0
128144,2025-09-10,2993,2316,3420.0
128144,2025-09-10,2434,2160,3115.2
128144,2025-09-10,2334,1344,1848.0
128144,2025-09-10,771,360,630.0
128144,2025-09-10,2461,2160,3262.5
128144,2025-09-10,2229,1992,2160.0
128144,2025-09-10,1948,1224,1917.0
128144,2025-09-10,2169,1872,2137.5
128144,2025-09-10,1689,1584,1296.0
128144,2025-09-10,1812,1632,1836.0
128144,2025-09-10,1815,1644,1593.0
128144,2025-09-10,1473,1080,1057.5
128144,2025-09-10,1367,936,1224.0
128144,2025-09-10,2090,1860,2070.0
128156,2025-09-17,1969,1419,2642.25
128156,2025-09-17,1289,867,1465.0
128156,2025-09-17,1984,1598,2548.7999999999997
128156,2025-09-17,1082,725,856.0
128156,2025-09-17,513,332,420.0
128156,2025-09-17,1780,1278,2371.875
128156,2025-09-17,1460,1005,1401.75
128156,2025-09-17,1371,1005,1345.5
128156,2025-09-17,1307,939,1289.625
128156,2025-09-17,992,596,774.0
128156,2025-09-17,1068,913,1075.5
128156,2025-09-17,1035,774,906.75
128156,2025-09-17,563,400,403.125
128156,2025-09-17,603,624,538.0
128156,2025-09-17,1722,1280,1697.5
128169,2025-09-17,5958,4021,8212.75
128169,2025-09-17,4815,3353,5672.5
128169,2025-09-17,7865,4693,10413.5
128169,2025-09-17,4356,2600,3566.0
128169,2025-09-17,2056,1070,1698.75
128169,2025-09-17,7328,4494,10040.625
128169,2025-09-17,6214,3527,6230.25
128169,2025-09-17,4007,3374,4079.25
128169,2025-09-17,5947,3927,6077.625
128169,2025-09-17,6015,2757,4814.0
128169,2025-09-17,5173,3579,5391.0
128169,2025-09-17,5320,2987,4891.5
128169,2025-09-17,4143,2325,3088.125
128169,2025-09-17,2434,2140,2234.0
128169,2025-09-17,7598,4784,7752.5
128171,2025-09-17,5603,3864,7722.0
128171,2025-09-17,4314,3104,5082.5
128171,2025-09-17,7562,4484,10012.3
128171,2025-09-17,4050,2485,3316.0
128171,2025-09-17,1893,1060,1565.625
128171,2025-09-17,6760,4247,9262.5
128171,2025-09-17,6183,3413,6198.75
128171,2025-09-17,3803,3087,3867.75
128171,2025-09-17,5721,3833,5844.875
128171,2025-09-17,5114,2427,4094.0
128171,2025-09-17,4278,2867,4459.5
128171,2025-09-17,4108,2453,3766.5
128171,2025-09-17,3151,1876,2323.125
128171,2025-09-17,2193,1770,1984.0
128171,2025-09-17,6680,4679,6817.5
128291,2025-09-17,3398,2807,4524.0
128291,2025-09-17,3636,3100,4205.0
128291,2025-09-17,3582,3046,4625.599999999999
128291,2025-09-17,2538,1830,2020.0
128291,2025-09-17,1012,691,832.5
128291,2025-09-17,3761,3241,5031.25
128291,2025-09-17,3285,2632,3208.5
128291,2025-09-17,1656,1560,1629.0
128291,2025-09-17,3164,2518,3139.75
128291,2025-09-17,2577,2146,2008.0
128291,2025-09-17,2648,2292,2673.0
128291,2025-09-17,2308,2180,2020.5
128291,2025-09-17,2637,1256,1912.5
128291,2025-09-17,1631,1202,1456.0
128291,2025-09-17,2871,2619,2835.0
128298,2025-09-17,900,768,1170.0
128298,2025-09-17,1194,792,1350.0
128298,2025-09-17,1147,1020,1451.3999999999999
128298,2025-09-17,536,444,408.0
128298,2025-09-17,265,228,202.5
128298,2025-09-17,1326,996,1725.0
128298,2025-09-17,1075,636,1026.0
128298,2025-09-17,1319,480,1296.0
128298,2025-09-17,1163,576,1140.0
128298,2025-09-17,1041,408,792.0
128298,2025-09-17,942,492,945.0
128298,2025-09-17,1025,552,891.0
128298,2025-09-17,693,396,495.0
128298,2025-09-17,623,228,552.0
128298,2025-09-17,1038,648,1020.0
128303,2025-09-17,4549,4575,5850.0
128303,2025-09-17,4113,3045,4500.0
128303,2025-09-17,4203,3855,5177.25
128303,2025-09-17,1974,1930,1500.0
128303,2025-09-17,853,660,675.0
128303,2025-09-17,4466,3075,5718.75
128303,2025-09-17,3360,2640,3138.75
128303,2025-09-17,2066,1409,1957.5
128303,2025-09-17,3323,2340,3170.625
128303,2025-09-17,2524,2160,1920.0
128303,2025-09-17,3686,2325,3577.5
128303,2025-09-17,2262,2250,1923.75
128303,2025-09-17,1429,1410,984.375
128303,2025-09-17,1938,1215,1650.0
128303,2025-09-17,4211,2790,4050.0
128306,2025-09-17,6239,3408,8268.0
128306,2025-09-17,6105,5072,6880.0
128306,2025-09-17,7244,6080,9298.4
128306,2025-09-17,4104,3056,3136.0
128306,2025-09-17,1715,656,1350.0
128306,2025-09-17,7353,5056,9750.0
128306,2025-09-17,5394,4399,5184.0
128306,2025-09-17,3471,3071,3276.0
128306,2025-09-17,5660,3824,5548.0
128306,2025-09-17,3397,3536,2496.0
128306,2025-09-17,6025,3231,6048.0
128306,2025-09-17,3940,3824,3312.0
128306,2025-09-17,2359,2464,1590.0
128306,2025-09-17,3720,976,3200.0
128306,2025-09-17,5780,4864,5680.0
128309,2025-09-17,931,858,1235.0
128309,2025-09-17,1136,958,1290.0
128309,2025-09-17,1315,1184,1669.6999999999998
128309,2025-09-17,800,572,628.0
128309,2025-09-17,449,378,371.25
128309,2025-09-17,1456,1104,1912.5
128309,2025-09-17,1135,780,1098.0
128309,2025-09-17,797,370,787.5
128309,2025-09-17,921,758,912.0
128309,2025-09-17,726,570,560.0
128309,2025-09-17,1090,636,1098.0
128309,2025-09-17,923,620,814.5
128309,2025-09-17,571,484,408.75
128309,2025-09-17,664,236,596.0
128309,2025-09-17,1237,836,1220.0
128310,2025-09-24,1964,1080,2574.0
128310,2025-09-24,1014,1032,1110.0
128310,2025-09-24,1751,1524,2194.7999999999997
128310,2025-09-24,821,804,600.0
128310,2025-09-24,410,336,315.0
128310,2025-09-24,1541,1464,1987.5
128310,2025-09-24,1356,1332,1269.0
128310,2025-09-24,768,828,702.0
128310,2025-09-24,1168,1056,1111.5
128310,2025-09-24,679,840,456.0
128310,2025-09-24,1190,1152,1161.0
128310,2025-09-24,1076,1141,891.0
128310,2025-09-24,613,564,405.0
128310,2025-09-24,721,660,600.0
128310,2025-09-24,1526,1488,1470.0
128313,2025-09-24,1845,1128,2418.0
128313,2025-09-24,922,1008,990.0
128313,2025-09-24,1570,1428,1947.0
128313,2025-09-24,756,828,552.0
128313,2025-09-24,380,334,292.5
128313,2025-09-24,1395,1200,1800.0
128313,2025-09-24,1222,1188,1134.0
128313,2025-09-24,798,756,729.0
128313,2025-09-24,1087,1031,1026.0
128313,2025-09-24,585,804,384.0
128313,2025-09-24,1190,1104,1161.0
128313,2025-09-24,999,1104,810.0
128313,2025-09-24,581,564,382.5
128313,2025-09-24,664,684,552.0
128313,2025-09-24,1496,1404,1440.0
128344,2025-09-17,6521,3372,8775.0
128344,2025-09-17,4173,2940,4740.0
128344,2025-09-17,9154,4656,11894.4
128344,2025-09-17,6204,6167,4848.0
128344,2025-09-17,1052,648,855.0
128344,2025-09-17,4460,2844,5887.5
128344,2025-09-17,1801,1176,1728.0
128344,2025-09-17,1294,360,1269.0
128344,2025-09-17,2294,1776,2251.5
128344,2025-09-17,2060,1044,1584.0
128344,2025-09-17,2664,2028,2673.0
128344,2025-09-17,10346,7655,9342.0
128344,2025-09-17,726,540,517.5
128344,2025-09-17,1155,384,1032.0
128344,2025-09-17,2875,2052,2820.0
128348,2025-09-24,4205,1808,5590.0
128348,2025-09-24,2670,1912,3020.0
128348,2025-09-24,3711,2208,4743.599999999999
128348,2025-09-24,2966,2216,2336.0
128348,2025-09-24,590,432,480.0
128348,2025-09-24,2614,1784,3425.0
128348,2025-09-24,1320,1016,1260.0
128348,2025-09-24,1019,760,990.0
128348,2025-09-24,1771,1352,1729.0
128348,2025-09-24,1547,784,1184.0
128348,2025-09-24,2060,1520,2052.0
128348,2025-09-24,4275,2480,3816.0
128348,2025-09-24,776,576,555.0
128348,2025-09-24,848,736,752.0
128348,2025-09-24,2013,1848,1960.0
128375,2025-09-24,653,592,864.5
128375,2025-09-24,716,688,810.0
128375,2025-09-24,972,756,1233.1
128375,2025-09-24,645,354,508.0
128375,2025-09-24,268,270,221.25
128375,2025-09-24,957,819,1256.25
128375,2025-09-24,671,586,648.0
128375,2025-09-24,693,266,679.5
128375,2025-09-24,624,508,612.75
128375,2025-09-24,829,412,644.0
128375,2025-09-24,788,530,792.0
128375,2025-09-24,584,404,508.5
128375,2025-09-24,483,328,345.0
128375,2025-09-24,524,196,464.0
128375,2025-09-24,560,564,545.0
128396,2025-09-26,10756,5530,14625.0
128396,2025-09-26,8594,5839,9975.0
128396,2025-09-26,21453,10170,27995.5
128396,2025-09-26,5697,4000,4580.0
128396,2025-09-26,3331,1750,2737.5
128396,2025-09-26,15847,8280,21406.25
128396,2025-09-26,8216,4920,8122.5
128396,2025-09-26,7305,3900,7335.0
128396,2025-09-26,10227,5410,10307.5
128396,2025-09-26,11931,4970,9460.0
128396,2025-09-26,10516,5400,10800.0
128396,2025-09-26,8666,4380,7852.5
128396,2025-09-26,8900,4070,6562.5
128396,2025-09-26,6258,3490,5700.0
128396,2025-09-26,11821,7130,11925.0
128397,2025-09-26,10517,5260,14300.0
128397,2025-09-26,7667,5380,8900.0
128397,2025-09-26,20413,9550,26638.5
128397,2025-09-26,5223,3769,4200.0
128397,2025-09-26,3218,1630,2643.75
128397,2025-09-26,15361,7960,20750.0
128397,2025-09-26,7806,4780,7717.5
128397,2025-09-26,6946,3610,6975.0
128397,2025-09-26,9968,5160,10046.25
128397,2025-09-26,11502,4700,9120.0
128397,2025-09-26,10121,5080,10395.0
128397,2025-09-26,8268,4670,7492.5
128397,2025-09-26,8747,3920,6450.0
128397,2025-09-26,6171,3370,5620.0
128397,2025-09-26,12466,6470,12575.0
128474,2025-09-24,889,636,1170.0
128474,2025-09-24,925,648,1050.0
128474,2025-09-24,1091,720,1380.6
128474,2025-09-24,760,396,600.0
128474,2025-09-24,357,156,292.5
128474,2025-09-24,1404,948,1837.5
128474,2025-09-24,894,648,864.0
128474,2025-09-24,685,396,675.0
128474,2025-09-24,1133,684,1111.5
128474,2025-09-24,779,516,600.0
128474,2025-09-24,969,576,972.0
128474,2025-09-24,924,528,810.0
128474,2025-09-24,661,204,472.5
128474,2025-09-24,590,324,528.0
128474,2025-09-24,790,588,780.0
128496,2025-09-24,880,480,1170.0
128496,2025-09-24,517,304,580.0
128496,2025-09-24,718,431,920.4
128496,2025-09-24,334,228,264.0
128496,2025-09-24,1333,116,1072.5
128496,2025-09-24,859,496,1137.5
128496,2025-09-24,458,268,441.0
128496,2025-09-24,1136,288,1098.0
128496,2025-09-24,477,291,465.5
128496,2025-09-24,321,172,248.0
128496,2025-09-24,538,356,540.0
128496,2025-09-24,317,224,279.0
128496,2025-09-24,157,96,112.5
128496,2025-09-24,133,128,120.0
128496,2025-09-24,975,472,950.0
128497,2025-09-24,4332,1320,5752.5
128497,2025-09-24,1988,1160,2250.0
128497,2025-09-24,3700,1550,4720.0
128497,2025-09-24,1592,810,1260.0
128497,2025-09-24,682,360,562.5
128497,2025-09-24,2946,1620,3875.0
128497,2025-09-24,1565,1010,1507.5
128497,2025-09-24,2269,840,2205.0
128497,2025-09-24,2341,1090,2303.75
128497,2025-09-24,1146,550,880.0
128497,2025-09-24,2287,1080,2295.0
128497,2025-09-24,1423,980,1237.5
128497,2025-09-24,601,390,431.25
128497,2025-09-24,805,550,720.0
128497,2025-09-24,2749,1430,2700.0
128529,2025-09-24,2131,1456,2821.0
128529,2025-09-24,1994,1820,2275.0
128529,2025-09-24,2668,1610,3427.8999999999996
128529,2025-09-24,1689,966,1288.0
128529,2025-09-24,783,420,630.0
128529,2025-09-24,2802,2072,3718.75
128529,2025-09-24,1927,1594,1858.5
128529,2025-09-24,1528,896,1449.0
128529,2025-09-24,1991,1288,1961.75
128529,2025-09-24,1349,1344,1008.0
128529,2025-09-24,1994,1372,2016.0
128529,2025-09-24,1669,1176,1417.5
128529,2025-09-24,962,840,682.5
128529,2025-09-24,1496,686,1288.0
128529,2025-09-24,2058,1722,2030.0
128548,2025-10-01,3764,3092,4953.0
128548,2025-10-01,4306,3900,4885.0
128548,2025-10-01,3969,3573,5038.599999999999
128548,2025-10-01,2521,1750,1932.0
128548,2025-10-01,1213,834,960.0
128548,2025-10-01,3895,3307,5100.0
128548,2025-10-01,3146,2777,3024.0
128548,2025-10-01,1845,1672,1755.0
128548,2025-10-01,3556,3066,3462.75
128548,2025-10-01,2433,2373,1836.0
128548,2025-10-01,3218,2760,3213.0
128548,2025-10-01,2509,2158,2182.5
128548,2025-10-01,1816,1754,1260.0
128548,2025-10-01,1518,708,1308.0
128548,2025-10-01,3516,2780,3405.0
128578,2025-10-01,999,780,1306.5
128578,2025-10-01,1243,1182,1395.0
128578,2025-10-01,1367,1152,1716.8999999999999
128578,2025-10-01,571,414,444.0
128578,2025-10-01,344,336,281.25
128578,2025-10-01,1368,972,1781.25
128578,2025-10-01,1347,929,1282.5
128578,2025-10-01,585,552,567.0
128578,2025-10-01,1126,978,1097.25
128578,2025-10-01,919,510,708.0
128578,2025-10-01,990,900,985.5
128578,2025-10-01,836,454,729.0
128578,2025-10-01,806,366,573.75
128578,2025-10-01,544,348,480.0
128578,2025-10-01,1142,558,1110.0
128579,2025-10-01,3346,900,4446.0
128579,2025-10-01,3587,1728,4080.0
128579,2025-10-01,3748,2496,4779.0
128579,2025-10-01,1941,828,1536.0
128579,2025-10-01,1156,672,945.0
128579,2025-10-01,4230,1500,5587.5
128579,2025-10-01,3043,1344,2943.0
128579,2025-10-01,1759,588,1728.0
128579,2025-10-01,2567,1536,2536.5
128579,2025-10-01,1898,900,1488.0
128579,2025-10-01,2805,1212,2835.0
128579,2025-10-01,2147,1056,1890.0
128579,2025-10-01,1507,720,1080.0
128579,2025-10-01,1857,288,1656.0
128579,2025-10-01,2824,1380,2790.0
128580,2025-10-01,3493,996,4641.0
128580,2025-10-01,3455,1680,3930.0
128580,2025-10-01,3220,2459,4106.4
128580,2025-10-01,2095,564,1656.0
128580,2025-10-01,988,588,810.0
128580,2025-10-01,3778,1428,4987.5
128580,2025-10-01,3351,1164,3240.0
128580,2025-10-01,1486,312,1458.0
128580,2025-10-01,2426,1284,2394.0
128580,2025-10-01,2082,852,1632.0
128580,2025-10-01,2773,1080,2808.0
128580,2025-10-01,2085,1068,1836.0
128580,2025-10-01,1539,672,1102.5
128580,2025-10-01,1830,396,1632.0
128580,2025-10-01,2915,1392,2880.0
128586,2025-10-01,3279,416,4368.0
128586,2025-10-01,2725,1536,3120.0
128586,2025-10-01,3288,1440,4200.8
128586,2025-10-01,1583,464,1248.0
128586,2025-10-01,667,384,540.0
128586,2025-10-01,2955,1168,3900.0
128586,2025-10-01,2600,992,2520.0
128586,2025-10-01,1041,288,1008.0
128586,2025-10-01,2381,624,2356.0
128586,2025-10-01,1891,272,1472.0
128586,2025-10-01,2729,672,2772.0
128586,2025-10-01,2005,1024,1764.0
128586,2025-10-01,1428,624,1020.0
128586,2025-10-01,1402,288,1248.0
128586,2025-10-01,2544,1152,2520.0
128606,2025-10-01,1443,790,1917.5
128606,2025-10-01,2086,1230,2375.0
128606,2025-10-01,1970,1031,2507.5
128606,2025-10-01,1741,480,1380.0
128606,2025-10-01,606,280,487.5
128606,2025-10-01,2210,1120,2906.25
128606,2025-10-01,2004,1060,1935.0
128606,2025-10-01,1512,220,1485.0
128606,2025-10-01,1906,820,1876.25
128606,2025-10-01,1640,600,1280.0
128606,2025-10-01,1628,930,1642.5
128606,2025-10-01,1763,590,1552.5
128606,2025-10-01,1152,380,825.0
128606,2025-10-01,899,290,800.0
128606,2025-10-01,1496,820,1475.0
128631,2025-10-01,1531,430,2047.5
128631,2025-10-01,1467,600,1675.0
128631,2025-10-01,1773,1060,2271.5
128631,2025-10-01,831,290,660.0
128631,2025-10-01,456,270,375.0
128631,2025-10-01,1605,1050,2125.0
128631,2025-10-01,1574,700,1530.0
128631,2025-10-01,844,180,832.5
128631,2025-10-01,1675,670,1662.5
128631,2025-10-01,887,340,700.0
128631,2025-10-01,1556,510,1575.0
128631,2025-10-01,1215,480,1080.0
128631,2025-10-01,777,250,562.5
128631,2025-10-01,849,130,760.0
128631,2025-10-01,1657,440,1650.0
128731,2025-10-01,780,96,1014.0
128731,2025-10-01,1222,684,1380.0
128731,2025-10-01,1267,439,1593.0
128731,2025-10-01,743,192,576.0
128731,2025-10-01,429,144,337.5
128731,2025-10-01,1243,324,1612.5
128731,2025-10-01,1264,419,1215.0
128731,2025-10-01,1171,275,1134.0
128731,2025-10-01,946,780,912.0
128731,2025-10-01,1033,288,792.0
128731,2025-10-01,1056,372,1053.0
128731,2025-10-01,964,516,837.0
128731,2025-10-01,621,420,427.5
128731,2025-10-01,788,240,696.0
128731,2025-10-01,828,372,810.0
128728,2025-10-15,2978,1572,3978.0
128728,2025-10-15,2339,1236,2670.0
128728,2025-10-15,2957,1488,3787.7999999999997
128728,2025-10-15,1901,972,1512.0
128728,2025-10-15,1136,576,922.5
128728,2025-10-15,2438,1356,3225.0
128728,2025-10-15,2334,1272,2268.0
128728,2025-10-15,1624,744,1593.0
128728,2025-10-15,2559,1392,2536.5
128728,2025-10-15,1046,576,816.0
128728,2025-10-15,2105,1236,2133.0
128728,2025-10-15,1947,972,1728.0
128728,2025-10-15,841,444,607.5
128728,2025-10-15,1347,636,1200.0
128728,2025-10-15,2269,1104,2250.0
128733,2025-10-29,687,392,897.0
128733,2025-10-29,1157,644,1310.0
128733,2025-10-29,1294,668,1628.3999999999999
128733,2025-10-29,852,492,672.0
128733,2025-10-29,265,148,217.5
128733,2025-10-29,1251,744,1625.0
128733,2025-10-29,1046,644,999.0
128733,2025-10-29,923,665,900.0
128733,2025-10-29,784,496,769.5
128733,2025-10-29,799,447,616.0
128733,2025-10-29,792,520,792.0
128733,2025-10-29,943,412,828.0
128733,2025-10-29,724,360,517.5
128733,2025-10-29,848,502,752.0
128733,2025-10-29,718,440,700.0
128734,2025-10-15,2154,1840,2756.0
128734,2025-10-15,2760,2208,3120.0
128734,2025-10-15,2791,2208,3540.0
128734,2025-10-15,1919,368,1472.0
128734,2025-10-15,729,528,570.0
128734,2025-10-15,2478,2478,3250.0
128734,2025-10-15,2691,176,2592.0
128734,2025-10-15,2575,672,2520.0
128734,2025-10-15,2474,1744,2432.0
128734,2025-10-15,2188,1712,1664.0
128734,2025-10-15,2256,1440,2268.0
128734,2025-10-15,2149,1392,1836.0
128734,2025-10-15,1606,1040,1110.0
128734,2025-10-15,1431,384,1216.0
128734,2025-10-15,1791,1952,1680.0
128735,2025-10-15,2059,1693,2691.0
128735,2025-10-15,2328,1449,2647.5
128735,2025-10-15,2778,2044,3557.7
128735,2025-10-15,1315,912,1038.0
128735,2025-10-15,466,1597,376.875
128735,2025-10-15,1944,1518,2568.75
128735,2025-10-15,1514,1134,1437.75
128735,2025-10-15,857,702,837.0
128735,2025-10-15,1701,1200,1660.125
128735,2025-10-15,885,603,696.0
128735,2025-10-15,1538,1230,1512.0
128735,2025-10-15,1148,816,1019.25
128735,2025-10-15,738,558,528.75
128735,2025-10-15,803,636,714.0
128735,2025-10-15,2057,1194,1995.0
128736,2025-10-15,1258,528,1638.0
128736,2025-10-15,884,375,982.5
128736,2025-10-15,1246,507,1566.4499999999998
128736,2025-10-15,585,195,456.0
128736,2025-10-15,1594,609,1271.25
128736,2025-10-15,1035,390,1340.625
128736,2025-10-15,785,294,742.5
128736,2025-10-15,500,198,486.0
128736,2025-10-15,876,366,847.875
128736,2025-10-15,543,192,420.0
128736,2025-10-15,882,366,877.5
128736,2025-10-15,621,231,540.0
128736,2025-10-15,375,150,264.375
128736,2025-10-15,400,168,354.0
128736,2025-10-15,942,351,900.0
128737,2025-10-15,2067,1416,2739.75
128737,2025-10-15,2009,1115,2265.0
128737,2025-10-15,2355,1641,3009.0
128737,2025-10-15,1107,768,876.0
128737,2025-10-15,1728,1170,1400.625
128737,2025-10-15,1657,1173,2184.375
128737,2025-10-15,983,690,951.75
128737,2025-10-15,746,576,735.75
128737,2025-10-15,1404,973,1382.25
128737,2025-10-15,685,432,540.0
128737,2025-10-15,1260,900,1269.0
128737,2025-10-15,900,600,796.5
128737,2025-10-15,447,312,320.625
128737,2025-10-15,528,382,474.0
128737,2025-10-15,2033,1074,1995.0
128770,2025-10-15,1871,608,2444.0
128770,2025-10-15,2059,848,2320.0
128770,2025-10-15,2317,1344,2926.3999999999996
128770,2025-10-15,1846,704,1440.0
128770,2025-10-15,680,320,540.0
128770,2025-10-15,2551,848,3350.0
128770,2025-10-15,2149,656,2052.0
128770,2025-10-15,1421,318,1368.0
128770,2025-10-15,2410,688,2356.0
128770,2025-10-15,1021,752,768.0
128770,2025-10-15,1536,768,1512.0
128770,2025-10-15,1773,752,1548.0
128770,2025-10-15,938,432,660.0
128770,2025-10-15,1666,432,1472.0
128770,2025-10-15,1689,768,1640.0
128788,2025-10-15,1675,1128,2184.0
128788,2025-10-15,3295,2459,3720.0
128788,2025-10-15,2360,1944,2938.2
128788,2025-10-15,2445,1104,1896.0
128788,2025-10-15,735,900,585.0
128788,2025-10-15,2917,1428,3825.0
128788,2025-10-15,2367,1257,2241.0
128788,2025-10-15,1655,1272,1593.0
128788,2025-10-15,2196,1368,2109.0
128788,2025-10-15,1589,1512,1200.0
128788,2025-10-15,1947,1128,1917.0
128788,2025-10-15,2028,1968,1755.0
128788,2025-10-15,1193,1008,832.5
128788,2025-10-15,2027,960,1776.0
128788,2025-10-15,2007,2004,1950.0
128789,2025-10-15,6750,4208,9048.0
128789,2025-10-15,8724,5392,10160.0
128789,2025-10-15,7123,7024,9251.199999999999
128789,2025-10-15,5363,2096,4256.0
128789,2025-10-15,1838,944,1440.0
128789,2025-10-15,7625,5744,10250.0
128789,2025-10-15,6799,4912,6588.0
128789,2025-10-15,4241,783,4140.0
128789,2025-10-15,6184,4512,6156.0
128789,2025-10-15,4188,3808,3200.0
128789,2025-10-15,6022,3776,6120.0
128789,2025-10-15,5136,3616,4536.0
128789,2025-10-15,3186,2464,2220.0
128789,2025-10-15,3748,1200,3264.0
128789,2025-10-15,6572,4304,6520.0
128790,2025-10-15,485,320,617.5
128790,2025-10-15,534,500,600.0
128790,2025-10-15,461,680,560.5
128790,2025-10-15,379,220,280.0
128790,2025-10-15,159,140,75.0
128790,2025-10-15,396,470,468.75
128790,2025-10-15,480,450,450.0
128790,2025-10-15,502,100,450.0
128790,2025-10-15,511,480,498.75
128790,2025-10-15,242,480,120.0
128790,2025-10-15,366,340,337.5
128790,2025-10-15,321,490,225.0
128790,2025-10-15,237,240,112.5
128790,2025-10-15,322,40,220.0
128790,2025-10-15,811,610,800.0
128793,2025-10-15,1656,988,2145.0
128793,2025-10-15,1911,1245,2150.0
128793,2025-10-15,2066,1667,2596.0
128793,2025-10-15,1217,540,944.0
128793,2025-10-15,502,480,397.5
128793,2025-10-15,1982,1126,2562.5
128793,2025-10-15,1615,1367,1521.0
128793,2025-10-15,1302,328,1251.0
128793,2025-10-15,1552,1030,1501.0
128793,2025-10-15,1039,896,800.0
128793,2025-10-15,1498,955,1476.0
128793,2025-10-15,1312,908,1143.0
128793,2025-10-15,701,676,495.0
128793,2025-10-15,1003,673,872.0
128793,2025-10-15,1847,972,1780.0
128811,2025-11-05,1100,920,1430.0
128811,2025-11-05,1340,880,1500.0
128811,2025-11-05,1513,1360,1888.0
128811,2025-11-05,1425,540,1120.0
128811,2025-11-05,588,280,450.0
128811,2025-11-05,1071,1200,1375.0
128811,2025-11-05,1276,980,1215.0
128811,2025-11-05,812,280,765.0
128811,2025-11-05,1742,520,1710.0
128811,2025-11-05,1352,420,1040.0
128811,2025-11-05,1221,560,1215.0
128811,2025-11-05,1079,400,945.0
128811,2025-11-05,1258,220,900.0
128811,2025-11-05,830,200,720.0
128811,2025-11-05,1122,640,1100.0
128834,2025-10-22,3730,975,4972.5
128834,2025-10-22,3384,2160,3862.5
128834,2025-10-22,3189,2520,4071.0
128834,2025-10-22,2277,1020,1800.0
128834,2025-10-22,826,570,675.0
128834,2025-10-22,3152,2025,4171.875
128834,2025-10-22,2850,1980,2767.5
128834,2025-10-22,1994,840,1957.5
128834,2025-10-22,2310,1935,2280.0
128834,2025-10-22,1963,1500,1530.0
128834,2025-10-22,2499,1410,2531.25
128834,2025-10-22,2188,1167,1923.75
128834,2025-10-22,1653,870,1181.25
128834,2025-10-22,1315,675,1170.0
128834,2025-10-22,2802,2220,2775.0
128850,2025-10-22,3921,2064,5031.0
128850,2025-10-22,4332,2832,4830.0
128850,2025-10-22,4556,3348,5699.4
128850,2025-10-22,2535,1476,1920.0
128850,2025-10-22,917,756,720.0
128850,2025-10-22,4568,3120,5887.5
128850,2025-10-22,3170,2724,2970.0
128850,2025-10-22,4171,2592,3996.0
128850,2025-10-22,3020,2772,2878.5
128850,2025-10-22,2442,2076,1824.0
128850,2025-10-22,4090,2004,4023.0
128850,2025-10-22,3227,1920,2754.0
128850,2025-10-22,1367,1272,922.5
128850,2025-10-22,1849,1032,1584.0
128850,2025-10-22,3658,2592,3480.0
128870,2025-10-29,8675,6232,11713.0
128870,2025-10-29,4697,3609,5400.0
128870,2025-10-29,8057,5466,10454.8
128870,2025-10-29,3505,2585,2776.0
128870,2025-10-29,1804,1379,1462.5
128870,2025-10-29,5460,4410,7312.5
128870,2025-10-29,2976,2549,2898.0
128870,2025-10-29,1883,1772,1836.0
128870,2025-10-29,4732,3713,4726.25
128870,2025-10-29,2097,1783,1636.0
128870,2025-10-29,5659,4577,5769.0
128870,2025-10-29,2609,2302,2340.0
128870,2025-10-29,1610,1386,1151.25
128870,2025-10-29,1607,1512,1424.0
128870,2025-10-29,5840,4160,5780.0
128908,2025-10-29,3402,2338,4459.0
128908,2025-10-29,3401,2305,3815.0
128908,2025-10-29,3543,2296,4460.4
128908,2025-10-29,2272,1498,1764.0
128908,2025-10-29,839,560,656.25
128908,2025-10-29,3785,2197,4943.75
128908,2025-10-29,3076,1848,2929.5
128908,2025-10-29,1667,1246,1575.0
128908,2025-10-29,2868,1680,2793.0
128908,2025-10-29,2148,1302,1652.0
128908,2025-10-29,2470,1764,2457.0
128908,2025-10-29,2514,1750,2173.5
128908,2025-10-29,1727,1134,1181.25
128908,2025-10-29,1489,1204,1260.0
128908,2025-10-29,2964,2128,2870.0
128909,2025-10-29,12163,3308,15944.5
128909,2025-10-29,12812,3464,14300.0
128909,2025-10-29,9672,4034,12171.699999999999
128909,2025-10-29,6727,2072,5220.0
128909,2025-10-29,2036,748,1586.25
128909,2025-10-29,7336,4361,9562.5
128909,2025-10-29,4563,2929,4320.0
128909,2025-10-29,3927,1924,3708.0
128909,2025-10-29,7014,2658,6811.5
128909,2025-10-29,3062,2377,2344.0
128909,2025-10-29,7272,2460,7186.5
128909,2025-10-29,4721,2424,4135.5
128909,2025-10-29,2955,1708,2073.75
128909,2025-10-29,1928,1487,1640.0
128909,2025-10-29,8055,3374,7810.0
128910,2025-10-29,1309,660,1703.0
128910,2025-10-29,930,679,1035.0
128910,2025-10-29,1368,828,1699.1999999999998
128910,2025-10-29,589,394,456.0
128910,2025-10-29,275,151,221.25
128910,2025-10-29,1139,878,1475.0
128910,2025-10-29,985,585,927.0
128910,2025-10-29,616,380,594.0
128910,2025-10-29,1039,547,1002.25
128910,2025-10-29,598,467,464.0
128910,2025-10-29,839,491,828.0
128910,2025-10-29,841,480,733.5
128910,2025-10-29,553,336,390.0
128910,2025-10-29,539,295,472.0
128910,2025-10-29,1082,669,1045.0
128911,2025-10-29,6207,1278,8118.5
128911,2025-10-29,4357,1320,4850.0
128911,2025-10-29,5101,1571,6395.599999999999
128911,2025-10-29,3245,797,2468.0
128911,2025-10-29,926,294,716.25
128911,2025-10-29,3300,1660,4243.75
128911,2025-10-29,2333,1134,2178.0
128911,2025-10-29,1718,734,1611.0
128911,2025-10-29,3145,1049,3021.0
128911,2025-10-29,1694,924,1264.0
128911,2025-10-29,3628,944,3555.0
128911,2025-10-29,2323,914,1975.5
128911,2025-10-29,1415,650,971.25
128911,2025-10-29,1166,579,980.0
128911,2025-10-29,3920,1296,3770.0
128912,2025-10-29,1157,592,1501.5
128912,2025-10-29,681,535,755.0
128912,2025-10-29,1272,728,1587.1
128912,2025-10-29,529,368,408.0
128912,2025-10-29,170,108,138.75
128912,2025-10-29,883,709,1143.75
128912,2025-10-29,768,528,724.5
128912,2025-10-29,522,342,499.5
128912,2025-10-29,761,488,731.5
128912,2025-10-29,420,318,324.0
128912,2025-10-29,840,444,823.5
128912,2025-10-29,569,394,490.5
128912,2025-10-29,331,248,232.5
128912,2025-10-29,453,272,392.0
128912,2025-10-29,1009,608,975.0
128914,2025-10-29,1277,574,1709.5
128914,2025-10-29,447,300,510.0
128914,2025-10-29,926,564,1191.8
128914,2025-10-29,642,287,512.0
128914,2025-10-29,400,144,326.25
128914,2025-10-29,902,458,1200.0
128914,2025-10-29,456,285,441.0
128914,2025-10-29,1090,286,1071.0
128914,2025-10-29,666,374,665.0
128914,2025-10-29,295,138,232.0
128914,2025-10-29,591,336,603.0
128914,2025-10-29,667,318,589.5
128914,2025-10-29,273,142,198.75
128914,2025-10-29,303,216,276.0
128914,2025-10-29,955,480,955.0
128922,2025-10-29,4330,1719,5720.0
128922,2025-10-29,1876,1380,2100.0
128922,2025-10-29,3374,2400,4277.5
128922,2025-10-29,1854,1290,1460.0
128922,2025-10-29,771,430,618.75
128922,2025-10-29,2849,2020,3718.75
128922,2025-10-29,1792,1370,1710.0
128922,2025-10-29,1968,820,1867.5
128922,2025-10-29,2738,460,2683.75
128922,2025-10-29,944,929,720.0
128922,2025-10-29,1967,650,1957.5
128922,2025-10-29,1846,1250,1620.0
128922,2025-10-29,817,550,581.25
128922,2025-10-29,993,890,860.0
128922,2025-10-29,3444,1610,3400.0
128932,2025-10-29,1278,1268,1625.0
128932,2025-10-29,1228,1116,1330.0
128932,2025-10-29,1660,1248,2006.0
128932,2025-10-29,722,619,544.0
128932,2025-10-29,313,284,240.0
128932,2025-10-29,1683,1400,2100.0
128932,2025-10-29,1202,1040,1107.0
128932,2025-10-29,1055,452,981.0
128932,2025-10-29,1223,576,1149.5
128932,2025-10-29,1025,844,776.0
128932,2025-10-29,1311,456,1251.0
128932,2025-10-29,812,718,693.0
128932,2025-10-29,770,639,532.5
128932,2025-10-29,888,524,752.0
128932,2025-10-29,1220,884,1160.0
128936,2025-10-29,5120,4296,6747.0
128936,2025-10-29,5412,4128,6150.0
128936,2025-10-29,5813,4212,7469.4
128936,2025-10-29,3413,2784,2664.0
128936,2025-10-29,1198,792,855.0
128936,2025-10-29,5406,4356,7125.0
128936,2025-10-29,4238,3420,4050.0
128936,2025-10-29,3151,1476,3051.0
128936,2025-10-29,3712,2424,3619.5
128936,2025-10-29,3636,2916,2808.0
128936,2025-10-29,4529,1716,4536.0
128936,2025-10-29,3740,3156,3267.0
128936,2025-10-29,3083,2088,2182.5
128936,2025-10-29,2639,2040,2304.0
128936,2025-10-29,4333,3864,4230.0
128937,2025-10-29,4853,3936,6396.0
128937,2025-10-29,4690,3492,5280.0
128937,2025-10-29,5337,3960,6796.799999999999
128937,2025-10-29,3157,2448,2448.0
128937,2025-10-29,1052,744,765.0
128937,2025-10-29,5118,4020,6712.5
128937,2025-10-29,3824,2988,3645.0
128937,2025-10-29,2836,1464,2727.0
128937,2025-10-29,3312,1788,3220.5
128937,2025-10-29,3398,2460,2616.0
128937,2025-10-29,4031,876,4023.0
128937,2025-10-29,3359,2844,2889.0
128937,2025-10-29,2897,1620,2047.5
128937,2025-10-29,2116,1344,1848.0
128937,2025-10-29,4210,2916,4110.0
128938,2025-10-29,3482,3448,4654.0
128938,2025-10-29,4603,3648,5340.0
128938,2025-10-29,4599,3320,5994.4
128938,2025-10-29,2953,2295,2352.0
128938,2025-10-29,998,848,810.0
128938,2025-10-29,4403,3231,5900.0
128938,2025-10-29,3421,2871,3294.0
128938,2025-10-29,2529,1392,2502.0
128938,2025-10-29,3392,1512,3363.0
128938,2025-10-29,2812,2336,2208.0
128938,2025-10-29,3448,1288,3510.0
128938,2025-10-29,3396,2656,3024.0
128938,2025-10-29,2639,1888,1920.0
128938,2025-10-29,2121,1200,1904.0
128938,2025-10-29,3165,2976,3140.0
128939,2025-10-29,3047,960,4062.5
128939,2025-10-29,2891,950,3300.0
128939,2025-10-29,3160,960,4041.5
128939,2025-10-29,2416,720,1920.0
128939,2025-10-29,508,380,412.5
128939,2025-10-29,3018,960,4000.0
128939,2025-10-29,2144,720,2070.0
128939,2025-10-29,2064,720,2025.0
128939,2025-10-29,2662,710,2636.25
128939,2025-10-29,1737,720,1360.0
128939,2025-10-29,2802,720,2835.0
128939,2025-10-29,2068,700,1822.5
128939,2025-10-29,1403,720,1012.5
128939,2025-10-29,1497,710,1340.0
128939,2025-10-29,2808,950,2775.0
128947,2025-10-29,3013,2928,4056.0
128947,2025-10-29,3834,2700,4410.0
128947,2025-10-29,3821,2988,4920.599999999999
128947,2025-10-29,2769,1536,2208.0
128947,2025-10-29,1087,636,832.5
128947,2025-10-29,3535,3240,4725.0
128947,2025-10-29,3388,2952,3294.0
128947,2025-10-29,2526,672,2511.0
128947,2025-10-29,2882,996,2878.5
128947,2025-10-29,2367,1800,1848.0
128947,2025-10-29,3224,888,3294.0
128947,2025-10-29,2689,2376,2403.0
128947,2025-10-29,2147,1236,1552.5
128947,2025-10-29,2034,960,1824.0
128947,2025-10-29,3365,2532,3360.0
128949,2025-10-29,2636,2388,3549.0
128949,2025-10-29,3085,2304,3540.0
128949,2025-10-29,3390,2724,4354.2
128949,2025-10-29,2213,1284,1752.0
128949,2025-10-29,774,504,607.5
128949,2025-10-29,3116,2760,4162.5
128949,2025-10-29,2497,2220,2430.0
128949,2025-10-29,2087,732,2052.0
128949,2025-10-29,2341,744,2337.0
128949,2025-10-29,1934,1500,1512.0
128949,2025-10-29,2588,768,2646.0
128949,2025-10-29,2477,1776,2214.0
128949,2025-10-29,1736,1104,1192.5
128949,2025-10-29,1673,888,1488.0
128949,2025-10-29,2973,2028,2970.0
128952,2025-10-22,2677,2460,3393.0
128952,2025-10-22,3504,2880,3780.0
128952,2025-10-22,3959,3696,4779.0
128952,2025-10-22,2781,1632,2112.0
128952,2025-10-22,924,828,742.5
128952,2025-10-22,3840,3348,4837.5
128952,2025-10-22,2725,2784,2511.0
128952,2025-10-22,2263,972,2133.0
128952,2025-10-22,2394,2568,2251.5
128952,2025-10-22,1928,1944,1488.0
128952,2025-10-22,2818,2124,2700.0
128952,2025-10-22,2594,1967,2187.0
128952,2025-10-22,1578,1104,1102.5
128952,2025-10-22,1965,732,1680.0
128952,2025-10-22,2631,2568,2490.0
128953,2025-10-31,5377,4912,6968.0
128953,2025-10-31,5445,3792,6080.0
128953,2025-10-31,5730,3760,7174.4
128953,2025-10-31,4899,2896,3776.0
128953,2025-10-31,1424,1056,1080.0
128953,2025-10-31,5962,3648,7700.0
128953,2025-10-31,4079,3216,3780.0
128953,2025-10-31,2822,2384,2664.0
128953,2025-10-31,4349,912,4180.0
128953,2025-10-31,5173,3600,3968.0
128953,2025-10-31,4735,4240,4680.0
128953,2025-10-31,4381,2496,3708.0
128953,2025-10-31,2092,1568,1410.0
128953,2025-10-31,2571,2160,2208.0
128953,2025-10-31,5342,1296,5160.0
128954,2025-10-29,5016,3612,6597.5
128954,2025-10-29,5661,4074,6405.0
128954,2025-10-29,5798,4648,7351.4
128954,2025-10-29,3632,2212,2828.0
128954,2025-10-29,1498,1064,1155.0
128954,2025-10-29,6669,4465,8881.25
128954,2025-10-29,4587,3794,4410.0
128954,2025-10-29,2837,1456,2740.5
128954,2025-10-29,4387,1862,4289.25
128954,2025-10-29,3258,2296,2492.0
128954,2025-10-29,4459,1554,4473.0
128954,2025-10-29,4481,2674,3937.5
128954,2025-10-29,2317,1791,1627.5
128954,2025-10-29,2482,910,2184.0
128954,2025-10-29,4453,3066,4270.0
128955,2025-10-29,4956,4320,6552.0
128955,2025-10-29,6581,4415,7480.0
128955,2025-10-29,6498,5200,8260.0
128955,2025-10-29,4381,2751,3392.0
128955,2025-10-29,1669,1280,1320.0
128955,2025-10-29,7207,4144,9600.0
128955,2025-10-29,5460,4768,5256.0
128955,2025-10-29,4068,2847,3960.0
128955,2025-10-29,5420,1007,5320.0
128955,2025-10-29,4318,3008,3328.0
128955,2025-10-29,5339,1024,5364.0
128955,2025-10-29,4961,3376,4356.0
128955,2025-10-29,3714,2000,2640.0
128955,2025-10-29,3830,1392,3360.0
128955,2025-10-29,5544,3327,5400.0
128956,2025-10-29,4730,4352,6240.0
128956,2025-10-29,6745,4416,7720.0
128956,2025-10-29,6843,5136,8684.8
128956,2025-10-29,4387,2656,3424.0
128956,2025-10-29,1501,1183,1170.0
128956,2025-10-29,7913,3504,10550.0
128956,2025-10-29,5351,4320,5148.0
128956,2025-10-29,3989,1552,3852.0
128956,2025-10-29,5151,1200,5054.0
128956,2025-10-29,3651,3088,2816.0
128956,2025-10-29,5752,768,5796.0
128956,2025-10-29,4929,2944,4320.0
128956,2025-10-29,3587,2128,2550.0
128956,2025-10-29,3919,1280,3456.0
128956,2025-10-29,5021,3120,4880.0
128958,2025-10-29,1407,465,1872.0
128958,2025-10-29,663,618,750.0
128958,2025-10-29,1221,864,1557.6
128958,2025-10-29,631,486,492.0
128958,2025-10-29,157,156,112.5
128958,2025-10-29,950,906,1256.25
128958,2025-10-29,716,654,688.5
128958,2025-10-29,1187,54,1161.0
128958,2025-10-29,922,198,912.0
128958,2025-10-29,941,568,732.0
128958,2025-10-29,1006,167,1012.5
128958,2025-10-29,817,568,715.5
128958,2025-10-29,419,234,292.5
128958,2025-10-29,486,310,432.0
128958,2025-10-29,847,559,840.0
128959,2025-10-29,1363,434,1813.5
128959,2025-10-29,636,594,720.0
128959,2025-10-29,1194,875,1522.1999999999998
128959,2025-10-29,647,452,504.0
128959,2025-10-29,173,162,123.75
128959,2025-10-29,980,905,1293.75
128959,2025-10-29,659,671,634.5
128959,2025-10-29,1169,108,1134.0
128959,2025-10-29,936,168,926.25
128959,2025-10-29,985,520,768.0
128959,2025-10-29,1006,162,1012.5
128959,2025-10-29,754,514,661.5
128959,2025-10-29,353,228,247.5
128959,2025-10-29,386,286,336.0
128959,2025-10-29,906,632,900.0
128961,2025-10-29,3343,2993,4478.5
128961,2025-10-29,4199,3173,4870.0
128961,2025-10-29,4140,2828,5398.5
128961,2025-10-29,2963,2213,2364.0
128961,2025-10-29,879,606,723.75
128961,2025-10-29,3978,2894,5350.0
128961,2025-10-29,2984,2479,2916.0
128961,2025-10-29,2665,1700,2628.0
128961,2025-10-29,3218,1112,3215.75
128961,2025-10-29,2796,1998,2200.0
128961,2025-10-29,2848,956,2902.5
128961,2025-10-29,2806,2098,2488.5
128961,2025-10-29,2364,1540,1710.0
128961,2025-10-29,1778,1325,1588.0
128961,2025-10-29,2864,2069,2845.0
129026,2025-11-05,746,456,962.0
129026,2025-11-05,332,376,360.0
129026,2025-11-05,854,776,1062.0
129026,2025-11-05,228,232,160.0
129026,2025-11-05,132,80,75.0
129026,2025-11-05,568,536,725.0
129026,2025-11-05,422,448,396.0
129026,2025-11-05,569,200,540.0
129026,2025-11-05,773,328,741.0
129026,2025-11-05,287,280,208.0
129026,2025-11-05,720,272,702.0
129026,2025-11-05,286,260,234.0
129026,2025-11-05,228,216,150.0
129026,2025-11-05,334,160,288.0
129026,2025-11-05,577,552,560.0
129170,2025-11-05,1434,1240,1820.0
129170,2025-11-05,2330,1030,2625.0
129170,2025-11-05,1918,1440,2419.0
129170,2025-11-05,1575,630,1240.0
129170,2025-11-05,600,240,393.75
129170,2025-11-05,1705,1409,2218.75
129170,2025-11-05,1786,1310,1710.0
129170,2025-11-05,1346,550,1282.5
129170,2025-11-05,1919,1150,1876.25
129170,2025-11-05,1473,660,1140.0
129170,2025-11-05,1534,920,1530.0
129170,2025-11-05,1441,1050,1260.0
129170,2025-11-05,1144,660,806.25
129170,2025-11-05,1335,520,1180.0
129170,2025-11-05,1555,1230,1525.0
129172,2025-11-05,3214,2532,4251.0
129172,2025-11-05,3906,2307,4440.0
129172,2025-11-05,4096,3625,5168.4
129172,2025-11-05,2634,1014,2064.0
129172,2025-11-05,789,432,641.25
129172,2025-11-05,3953,3426,5175.0
129172,2025-11-05,3514,2364,3348.0
129172,2025-11-05,2254,1445,2200.5
129172,2025-11-05,3788,1848,3719.25
129172,2025-11-05,2632,1554,2040.0
129172,2025-11-05,3253,1564,3267.0
129172,2025-11-05,3042,1422,2673.0
129172,2025-11-05,2194,642,1552.5
129172,2025-11-05,2565,701,2280.0
129172,2025-11-05,3292,1993,3240.0
129174,2025-11-05,1475,800,1917.5
129174,2025-11-05,2067,1150,2325.0
129174,2025-11-05,1733,930,2183.0
129174,2025-11-05,1117,610,860.0
129174,2025-11-05,599,260,450.0
129174,2025-11-05,1424,850,1843.75
129174,2025-11-05,1433,890,1372.5
129174,2025-11-05,1138,410,1080.0
129174,2025-11-05,1801,860,1757.5
129174,2025-11-05,1372,750,1040.0
129174,2025-11-05,1353,690,1350.0
129174,2025-11-05,1592,870,1395.0
129174,2025-11-05,862,420,581.25
129174,2025-11-05,1020,420,880.0
129174,2025-11-05,1436,750,1400.0
129178,2025-11-05,1151,1080,1521.0
129178,2025-11-05,1761,1116,2010.0
129178,2025-11-05,1577,1464,2017.8
129178,2025-11-05,1271,636,1008.0
129178,2025-11-05,469,300,360.0
129178,2025-11-05,1368,1476,1800.0
129178,2025-11-05,1723,1056,1674.0
129178,2025-11-05,1428,624,1404.0
129178,2025-11-05,1600,960,1567.5
129178,2025-11-05,1587,432,1248.0
129178,2025-11-05,1071,912,1080.0
129178,2025-11-05,1400,551,1242.0
129178,2025-11-05,1188,576,855.0
129178,2025-11-05,1156,300,1032.0
129178,2025-11-05,1156,924,1140.0
129179,2025-11-05,2181,1428,2847.0
129179,2025-11-05,2312,1080,2610.0
129179,2025-11-05,2777,2196,3504.6
129179,2025-11-05,1378,804,1080.0
129179,2025-11-05,572,348,450.0
129179,2025-11-05,2229,2052,2887.5
129179,2025-11-05,2095,1404,1998.0
129179,2025-11-05,1223,768,1188.0
129179,2025-11-05,2013,996,1966.5
129179,2025-11-05,1785,828,1368.0
129179,2025-11-05,1975,624,1971.0
129179,2025-11-05,1666,936,1458.0
129179,2025-11-05,1258,612,900.0
129179,2025-11-05,1145,624,1008.0
129179,2025-11-05,2230,924,2190.0
129182,2025-11-05,2764,948,3627.0
129182,2025-11-05,2649,1932,2970.0
129182,2025-11-05,3000,2184,3787.7999999999997
129182,2025-11-05,1628,540,1272.0
129182,2025-11-05,538,348,427.5
129182,2025-11-05,2452,1560,3187.5
129182,2025-11-05,2344,1488,2241.0
129182,2025-11-05,1561,1104,1512.0
129182,2025-11-05,2333,1704,2280.0
129182,2025-11-05,1845,900,1440.0
129182,2025-11-05,2309,1716,2295.0
129182,2025-11-05,1812,1032,1593.0
129182,2025-11-05,980,576,697.5
129182,2025-11-05,1855,1176,1632.0
129182,2025-11-05,2387,2004,2340.0
129344,2025-11-12,1645,710,1820.0
129344,2025-11-12,1182,850,1275.0
129344,2025-11-12,1598,830,1622.5
129344,2025-11-12,781,370,600.0
129344,2025-11-12,309,320,206.25
129344,2025-11-12,902,750,1125.0
129344,2025-11-12,953,600,877.5
129344,2025-11-12,545,340,427.5
129344,2025-11-12,1061,390,997.5
129344,2025-11-12,399,390,280.0
129344,2025-11-12,1261,640,1012.5
129344,2025-11-12,462,400,382.5
129344,2025-11-12,531,220,375.0
129344,2025-11-12,403,170,340.0
129344,2025-11-12,1135,400,1075.0
129389,2025-11-12,1965,1824,2574.0
129389,2025-11-12,4092,2448,4680.0
129389,2025-11-12,3759,3000,4814.4
129389,2025-11-12,2658,1560,2112.0
129389,2025-11-12,1012,720,810.0
129389,2025-11-12,3464,2856,4575.0
129389,2025-11-12,4170,2472,4050.0
129389,2025-11-12,3390,984,3348.0
129389,2025-11-12,3114,2088,3078.0
129389,2025-11-12,2988,1824,2352.0
129389,2025-11-12,2409,1680,2430.0
129389,2025-11-12,3432,1920,3024.0
129389,2025-11-12,2920,1031,2115.0
129389,2025-11-12,2634,792,2352.0
129389,2025-11-12,2126,2208,2100.0
129390,2025-11-12,740,520,962.0
129390,2025-11-12,966,616,1080.0
129390,2025-11-12,1142,664,1463.1999999999998
129390,2025-11-12,878,352,688.0
129390,2025-11-12,321,184,240.0
129390,2025-11-12,980,752,1275.0
129390,2025-11-12,983,504,936.0
129390,2025-11-12,967,232,936.0
129390,2025-11-12,1054,376,1026.0
129390,2025-11-12,787,416,608.0
129390,2025-11-12,797,240,792.0
129390,2025-11-12,885,416,774.0
129390,2025-11-12,672,248,480.0
129390,2025-11-12,712,192,624.0
129390,2025-11-12,842,615,820.0
129391,2025-11-12,693,568,910.0
129391,2025-11-12,980,608,1120.0
129391,2025-11-12,1101,624,1416.0
129391,2025-11-12,848,312,672.0
129391,2025-11-12,307,184,240.0
129391,2025-11-12,986,688,1300.0
129391,2025-11-12,949,608,918.0
129391,2025-11-12,932,208,918.0
129391,2025-11-12,1017,336,1007.0
129391,2025-11-12,756,448,592.0
129391,2025-11-12,765,200,774.0
129391,2025-11-12,816,440,720.0
129391,2025-11-12,702,248,510.0
129391,2025-11-12,644,160,576.0
129391,2025-11-12,786,560,780.0
129393,2025-11-12,1569,1091,2047.5
129393,2025-11-12,1915,1220,2150.0
129393,2025-11-12,1692,1530,2124.0
129393,2025-11-12,1175,730,900.0
129393,2025-11-12,587,440,431.25
129393,2025-11-12,1565,1510,2031.25
129393,2025-11-12,1721,1260,1642.5
129393,2025-11-12,1232,360,1170.0
129393,2025-11-12,1633,840,1591.25
129393,2025-11-12,1281,910,960.0
129393,2025-11-12,1374,590,1327.5
129393,2025-11-12,1350,860,1147.5
129393,2025-11-12,1227,490,862.5
129393,2025-11-12,944,540,800.0
129393,2025-11-12,1313,1170,1250.0
129401,2025-11-12,1056,512,1391.0
129401,2025-11-12,1057,701,1200.0
129401,2025-11-12,1545,958,1958.8
129401,2025-11-12,644,284,504.0
129401,2025-11-12,319,297,258.75
129401,2025-11-12,1320,904,1731.25
129401,2025-11-12,1285,584,1242.0
129401,2025-11-12,653,300,639.0
129401,2025-11-12,1215,454,1197.0
129401,2025-11-12,824,467,636.0
129401,2025-11-12,1184,404,1192.5
129401,2025-11-12,765,478,670.5
129401,2025-11-12,480,352,345.0
129401,2025-11-12,725,132,644.0
129401,2025-11-12,1076,602,1060.0
129402,2025-11-12,1046,464,1378.0
129402,2025-11-12,1035,706,1175.0
129402,2025-11-12,1540,946,1952.8999999999999
129402,2025-11-12,598,298,468.0
129402,2025-11-12,300,312,243.75
129402,2025-11-12,1242,876,1631.25
129402,2025-11-12,1166,575,1125.0
129402,2025-11-12,704,271,688.5
129402,2025-11-12,1219,475,1201.75
129402,2025-11-12,772,457,596.0
129402,2025-11-12,1090,376,1098.0
129402,2025-11-12,807,464,706.5
129402,2025-11-12,462,340,330.0
129402,2025-11-12,711,170,632.0
129402,2025-11-12,1076,606,1060.0
129493,2025-11-12,1297,553,1709.5
129493,2025-11-12,995,636,1125.0
129493,2025-11-12,1297,940,1646.1
129493,2025-11-12,559,476,440.0
129493,2025-11-12,241,174,198.75
129493,2025-11-12,1111,970,1456.25
129493,2025-11-12,1032,845,994.5
129493,2025-11-12,670,318,657.0
129493,2025-11-12,1072,494,1054.5
129493,2025-11-12,749,491,584.0
129493,2025-11-12,1329,386,1332.0
129493,2025-11-12,601,581,526.5
129493,2025-11-12,477,378,341.25
129493,2025-11-12,756,360,672.0
129493,2025-11-12,1041,655,1030.0
129524,2025-12-03,1164,591,1543.75
129524,2025-12-03,1059,618,1200.0
129524,2025-12-03,1301,547,1652.0
129524,2025-12-03,792,324,630.0
129524,2025-12-03,311,197,255.0
129524,2025-12-03,1096,472,1440.625
129524,2025-12-03,1068,514,1030.5
129524,2025-12-03,714,432,704.25
129524,2025-12-03,1012,504,999.875
129524,2025-12-03,641,188,500.0
129524,2025-12-03,1046,561,1055.25
129524,2025-12-03,783,283,688.5
129524,2025-12-03,430,196,309.375
129524,2025-12-03,797,362,714.0
129524,2025-12-03,1132,654,1117.5
129527,2025-11-19,204,118,273.0
129527,2025-11-19,103,96,120.0
129527,2025-11-19,183,118,236.0
129527,2025-11-19,92,58,72.0
129527,2025-11-19,309,200,247.5
129527,2025-11-19,163,118,218.75
129527,2025-11-19,164,120,162.0
129527,2025-11-19,120,80,121.5
129527,2025-11-19,213,132,213.75
129527,2025-11-19,102,60,76.0
129527,2025-11-19,177,100,180.0
129527,2025-11-19,102,98,90.0
129527,2025-11-19,85,52,56.25
129527,2025-11-19,117,78,108.0
129527,2025-11-19,146,100,150.0
129528,2025-11-19,174,118,234.0
129528,2025-11-19,203,118,230.0
129528,2025-11-19,190,120,241.89999999999998
129528,2025-11-19,102,70,80.0
129528,2025-11-19,142,120,120.0
129528,2025-11-19,209,140,275.0
129528,2025-11-19,262,120,256.5
129528,2025-11-19,147,80,148.5
129528,2025-11-19,238,138,237.5
129528,2025-11-19,92,66,72.0
129528,2025-11-19,211,100,216.0
129528,2025-11-19,143,80,130.5
129528,2025-11-19,86,56,60.0
129528,2025-11-19,162,78,148.0
129528,2025-11-19,215,100,215.0
129529,2025-11-19,126,88,169.0
129529,2025-11-19,65,60,70.0
129529,2025-11-19,95,49,112.1
129529,2025-11-19,68,34,52.0
129529,2025-11-19,107,80,90.0
129529,2025-11-19,121,90,162.5
129529,2025-11-19,169,90,166.5
129529,2025-11-19,73,60,67.5
129529,2025-11-19,135,80,137.75
129529,2025-11-19,37,30,24.0
129529,2025-11-19,114,70,117.0
129529,2025-11-19,60,60,49.5
129529,2025-11-19,38,28,22.5
129529,2025-11-19,66,38,56.0
129529,2025-11-19,90,60,85.0
129530,2025-11-19,213,98,286.0
129530,2025-11-19,111,60,130.0
129530,2025-11-19,135,80,177.0
129530,2025-11-19,92,70,72.0
129530,2025-11-19,111,80,90.0
129530,2025-11-19,179,90,237.5
129530,2025-11-19,202,100,198.0
129530,2025-11-19,102,70,103.5
129530,2025-11-19,159,80,161.5
129530,2025-11-19,67,40,40.0
129530,2025-11-19,126,80,130.5
129530,2025-11-19,78,60,67.5
129530,2025-11-19,45,36,26.25
129530,2025-11-19,86,48,76.0
129530,2025-11-19,97,60,95.0
129541,2025-11-19,183,78,247.0
129541,2025-11-19,150,98,175.0
129541,2025-11-19,183,120,236.0
129541,2025-11-19,102,60,84.0
129541,2025-11-19,152,140,127.5
129541,2025-11-19,199,140,262.5
129541,2025-11-19,215,100,211.5
129541,2025-11-19,120,60,121.5
129541,2025-11-19,243,99,242.25
129541,2025-11-19,62,58,48.0
129541,2025-11-19,153,80,157.5
129541,2025-11-19,114,80,103.5
129541,2025-11-19,52,56,37.5
129541,2025-11-19,125,58,116.0
129541,2025-11-19,172,99,175.0
129551,2025-11-19,3181,2250,4192.5
129551,2025-11-19,4719,3330,5400.0
129551,2025-11-19,3878,2878,4956.0
129551,2025-11-19,2211,1560,1740.0
129551,2025-11-19,859,450,618.75
129551,2025-11-19,4126,3419,5437.5
129551,2025-11-19,4372,2970,4252.5
129551,2025-11-19,3368,1200,3307.5
129551,2025-11-19,4027,2520,3990.0
129551,2025-11-19,3283,2010,2580.0
129551,2025-11-19,3345,1530,3375.0
129551,2025-11-19,3047,2250,2700.0
129551,2025-11-19,2648,1230,1912.5
129551,2025-11-19,2622,1260,2340.0
129551,2025-11-19,3109,2700,3075.0
129553,2025-11-19,1129,900,1482.0
129553,2025-11-19,1791,1248,2040.0
129553,2025-11-19,1998,1296,2548.7999999999997
129553,2025-11-19,1160,696,912.0
129553,2025-11-19,476,324,382.5
129553,2025-11-19,1623,1224,2137.5
129553,2025-11-19,1923,1056,1863.0
129553,2025-11-19,1054,612,1026.0
129553,2025-11-19,1450,1044,1425.0
129553,2025-11-19,870,900,672.0
129553,2025-11-19,1104,756,1107.0
129553,2025-11-19,1171,756,1026.0
129553,2025-11-19,875,564,630.0
129553,2025-11-19,921,408,816.0
129553,2025-11-19,1185,972,1170.0
129561,2025-11-19,2340,1044,3077.75
129561,2025-11-19,2898,1008,3272.5
129561,2025-11-19,3431,2016,4354.2
129561,2025-11-19,1717,984,1344.0
129561,2025-11-19,747,432,607.5
129561,2025-11-19,3043,1715,3990.625
129561,2025-11-19,2617,1569,2511.0
129561,2025-11-19,1679,684,1635.75
129561,2025-11-19,2351,1416,2318.0
129561,2025-11-19,1625,996,1248.0
129561,2025-11-19,2067,852,2079.0
129561,2025-11-19,2085,1427,1836.0
129561,2025-11-19,1397,396,990.0
129561,2025-11-19,1523,381,1344.0
129561,2025-11-19,2104,1596,2070.0
129562,2025-11-19,9735,5040,13026.0
129562,2025-11-19,12235,8280,14160.0
129562,2025-11-19,13396,10320,17416.8
129562,2025-11-19,8052,5112,6432.0
129562,2025-11-19,2754,528,2250.0
129562,2025-11-19,12087,9984,16200.0
129562,2025-11-19,10282,7584,10044.0
129562,2025-11-19,6752,4296,6696.0
129562,2025-11-19,11457,6816,11514.0
129562,2025-11-19,7799,6120,6192.0
129562,2025-11-19,10405,3456,10692.0
129562,2025-11-19,8008,7512,7182.0
129562,2025-11-19,5710,4320,4140.0
129562,2025-11-19,7034,2520,6336.0
129562,2025-11-19,10721,5880,10740.0
129563,2025-11-19,949,726,1267.5
129563,2025-11-19,1360,807,1552.5
129563,2025-11-19,1211,960,1548.75
129563,2025-11-19,764,567,612.0
129563,2025-11-19,366,216,303.75
129563,2025-11-19,1213,1014,1603.125
129563,2025-11-19,1140,849,1107.0
129563,2025-11-19,783,435,776.25
129563,2025-11-19,1018,846,1011.75
129563,2025-11-19,720,603,564.0
129563,2025-11-19,1084,459,1100.25
129563,2025-11-19,801,651,715.5
129563,2025-11-19,525,348,382.5
129563,2025-11-19,608,297,546.0
129563,2025-11-19,1036,759,1035.0
129565,2025-12-03,2623,1132,3523.0
129565,2025-12-03,2147,1172,2470.0
129565,2025-12-03,3150,1458,4059.2
129565,2025-12-03,1321,685,1056.0
129565,2025-12-03,712,320,585.0
129565,2025-12-03,2511,1255,3350.0
129565,2025-12-03,2441,1311,2385.0
129565,2025-12-03,1410,814,1395.0
129565,2025-12-03,2272,1191,2261.0
129565,2025-12-03,1190,556,936.0
129565,2025-12-03,2523,775,2565.0
129565,2025-12-03,1858,872,1647.0
129565,2025-12-03,906,400,660.0
129565,2025-12-03,1868,652,1680.0
129565,2025-12-03,2393,1202,2390.0
129566,2025-11-26,4092,3438,5362.5
129566,2025-11-26,3938,3387,4470.0
129566,2025-11-26,4093,3840,5221.5
129566,2025-11-26,2566,2328,1992.0
129566,2025-11-26,1000,828,787.5
129566,2025-11-26,3969,3324,5212.5
129566,2025-11-26,3666,3156,3537.0
129566,2025-11-26,1900,1992,1809.0
129566,2025-11-26,3702,3537,3648.0
129566,2025-11-26,2270,2160,1728.0
129566,2025-11-26,3345,3270,3348.0
129566,2025-11-26,2481,2555,2173.5
129566,2025-11-26,1982,1560,1395.0
129566,2025-11-26,2256,2064,1968.0
129566,2025-11-26,3491,3354,3420.0
129632,2025-11-26,1819,2428,2392.0
129632,2025-11-26,3191,1679,4059.2
129632,2025-11-26,2328,1408,3050.0
129632,2025-11-26,1697,1008,1656.0
129632,2025-11-26,2892,1519,2850.0
129632,2025-11-26,3505,2126,3528.0
129632,2025-11-26,2591,1680,2560.0
129633,2025-11-26,1401,2000,1820.0
129633,2025-11-26,2450,1277,3115.2
129633,2025-11-26,1842,1088,2400.0
129633,2025-11-26,2226,1248,2166.0
129633,2025-11-26,2900,1648,2916.0
129633,2025-11-26,2200,1312,2160.0
129639,2025-11-26,378,212,481.0
129639,2025-11-26,348,356,380.0
129639,2025-11-26,443,424,542.8
129639,2025-11-26,244,200,192.0
129639,2025-11-26,34,72,22.5
129639,2025-11-26,374,400,475.0
129639,2025-11-26,519,368,486.0
129639,2025-11-26,297,102,288.0
129639,2025-11-26,457,268,437.0
129639,2025-11-26,249,224,192.0
129639,2025-11-26,329,231,324.0
129639,2025-11-26,258,244,225.0
129639,2025-11-26,243,164,172.5
129639,2025-11-26,320,140,280.0
129639,2025-11-26,396,386,380.0
129641,2025-11-26,1344,282,1787.5
129641,2025-11-26,791,722,905.0
129641,2025-11-26,1220,445,1557.6
129641,2025-11-26,767,304,612.0
129641,2025-11-26,364,32,300.0
129641,2025-11-26,1163,360,1537.5
129641,2025-11-26,1006,462,976.5
129641,2025-11-26,557,216,549.0
129641,2025-11-26,1051,646,1040.25
129641,2025-11-26,604,250,472.0
129641,2025-11-26,972,420,985.5
129641,2025-11-26,619,368,549.0
129641,2025-11-26,476,234,345.0
129641,2025-11-26,603,170,540.0
129641,2025-11-26,979,342,975.0
129650,2025-11-26,2434,760,3250.0
129650,2025-11-26,2171,1472,2480.0
129650,2025-11-26,1827,1736,2336.4
129650,2025-11-26,1968,856,1568.0
129650,2025-11-26,841,560,690.0
129650,2025-11-26,2338,1432,3100.0
129650,2025-11-26,1241,1360,1206.0
129650,2025-11-26,1331,1112,1314.0
129650,2025-11-26,2210,1272,2185.0
129650,2025-11-26,2130,1368,1680.0
129650,2025-11-26,2364,1248,2394.0
129650,2025-11-26,1579,880,1404.0
129650,2025-11-26,1174,856,855.0
129650,2025-11-26,1357,944,1216.0
129650,2025-11-26,1873,720,1860.0
129651,2025-11-26,2434,832,3250.0
129651,2025-11-26,2065,1656,2360.0
129651,2025-11-26,1808,1992,2312.7999999999997
129651,2025-11-26,1867,808,1488.0
129651,2025-11-26,659,488,540.0
129651,2025-11-26,2280,1424,3025.0
129651,2025-11-26,1297,1440,1260.0
129651,2025-11-26,1293,1192,1278.0
129651,2025-11-26,2315,1384,2299.0
129651,2025-11-26,2069,1416,1632.0
129651,2025-11-26,2239,1296,2268.0
129651,2025-11-26,1518,848,1350.0
129651,2025-11-26,1138,920,825.0
129651,2025-11-26,1213,936,1088.0
129651,2025-11-26,1833,952,1820.0
129657,2025-11-26,716,30,949.0
129657,2025-11-26,312,210,355.0
129657,2025-11-26,449,184,578.1999999999999
129657,2025-11-26,209,116,168.0
129657,2025-11-26,91,66,75.0
129657,2025-11-26,317,214,418.75
129657,2025-11-26,202,152,198.0
129657,2025-11-26,214,88,216.0
129657,2025-11-26,271,156,270.75
129657,2025-11-26,149,102,120.0
129657,2025-11-26,313,128,319.5
129657,2025-11-26,159,124,144.0
129657,2025-11-26,97,56,71.25
129657,2025-11-26,180,98,164.0
129657,2025-11-26,366,128,365.0
129658,2025-11-26,2244,1278,2866.5
129658,2025-11-26,2661,1836,3015.0
129658,2025-11-26,2894,2142,3663.8999999999996
129658,2025-11-26,1713,990,1296.0
129658,2025-11-26,733,486,573.75
129658,2025-11-26,2892,2196,3768.75
129658,2025-11-26,3200,1386,3078.0
129658,2025-11-26,2257,504,2146.5
129658,2025-11-26,2576,1566,2522.25
129658,2025-11-26,1851,1026,1404.0
129658,2025-11-26,2270,773,2268.0
129658,2025-11-26,1761,1062,1498.5
129658,2025-11-26,1593,756,1113.75
129658,2025-11-26,1672,576,1440.0
129658,2025-11-26,2300,1566,2205.0
129672,2025-11-26,1902,504,2535.0
129672,2025-11-26,1787,1020,2040.0
129672,2025-11-26,2105,1428,2690.3999999999996
129672,2025-11-26,911,492,720.0
129672,2025-11-26,575,336,472.5
129672,2025-11-26,1706,1248,2250.0
129672,2025-11-26,1779,864,1728.0
129672,2025-11-26,1098,852,1080.0
129672,2025-11-26,1639,1080,1624.5
129672,2025-11-26,1255,684,984.0
129672,2025-11-26,1786,408,1809.0
129672,2025-11-26,1403,888,1242.0
129672,2025-11-26,993,636,720.0
129672,2025-11-26,994,552,888.0
129672,2025-11-26,1719,804,1710.0
129676,2025-11-26,28523,16271,38220.0
129676,2025-11-26,26226,17744,29920.0
129676,2025-11-26,31602,26943,40592.0
129676,2025-11-26,24590,10752,19552.0
129676,2025-11-26,8616,4512,7020.0
129676,2025-11-26,28124,26352,37400.0
129676,2025-11-26,30578,13728,29592.0
129676,2025-11-26,20077,9472,19728.0
129676,2025-11-26,21687,19056,21508.0
129676,2025-11-26,26930,11776,21248.0
129676,2025-11-26,22877,11727,23004.0
129676,2025-11-26,28997,12560,25920.0
129676,2025-11-26,26077,10176,18960.0
129676,2025-11-26,14612,8335,13024.0
129676,2025-11-26,23648,15648,23440.0
129679,2025-12-03,2091,960,2769.0
129679,2025-12-03,2084,1404,2370.0
129679,2025-12-03,2194,1872,2796.6
129679,2025-12-03,1309,960,1032.0
129679,2025-12-03,448,360,337.5
129679,2025-12-03,2032,1824,2662.5
129679,2025-12-03,2162,1008,2079.0
129679,2025-12-03,1183,588,1161.0
129679,2025-12-03,1997,1200,1966.5
129679,2025-12-03,1238,1032,960.0
129679,2025-12-03,2168,372,2187.0
129679,2025-12-03,1354,1296,1188.0
129679,2025-12-03,697,720,495.0
129679,2025-12-03,1403,444,1248.0
129679,2025-12-03,2163,827,2130.0
129729,2025-12-03,2515,1540,3380.0
129729,2025-12-03,1519,1034,1710.0
129729,2025-12-03,2721,1553,3540.0
129729,2025-12-03,1449,853,1152.0
129729,2025-12-03,507,296,412.5
129729,2025-12-03,1827,1223,2400.0
129729,2025-12-03,1222,885,1183.5
129729,2025-12-03,1713,1066,1683.0
129729,2025-12-03,1716,1116,1695.75
129729,2025-12-03,1416,790,1112.0
129729,2025-12-03,2088,1467,2115.0
129729,2025-12-03,1154,848,1021.5
129729,2025-12-03,824,392,596.25
129729,2025-12-03,867,598,772.0
129729,2025-12-03,2042,1378,2025.0
129808,2025-12-03,611,292,806.0
129808,2025-12-03,717,376,810.0
129808,2025-12-03,779,516,991.1999999999999
129808,2025-12-03,439,224,344.0
129808,2025-12-03,214,164,172.5
129808,2025-12-03,611,516,800.0
129808,2025-12-03,796,378,765.0
129808,2025-12-03,543,208,531.0
129808,2025-12-03,669,308,655.5
129808,2025-12-03,379,210,296.0
129808,2025-12-03,692,256,693.0
129808,2025-12-03,565,264,495.0
129808,2025-12-03,453,200,322.5
129808,2025-12-03,568,180,504.0
129808,2025-12-03,759,292,750.0
129809,2025-12-03,631,320,832.0
129809,2025-12-03,744,408,840.0
129809,2025-12-03,901,548,1144.6
129809,2025-12-03,440,216,344.0
129809,2025-12-03,253,188,202.5
129809,2025-12-03,649,560,850.0
129809,2025-12-03,796,332,765.0
129809,2025-12-03,518,176,504.0
129809,2025-12-03,1693,344,1653.0
129809,2025-12-03,421,228,328.0
129809,2025-12-03,782,304,783.0
129809,2025-12-03,514,308,450.0
129809,2025-12-03,418,208,300.0
129809,2025-12-03,543,176,480.0
129809,2025-12-03,739,288,730.0
129810,2025-12-03,1962,708,2613.0
129810,2025-12-03,1979,972,2250.0
129810,2025-12-03,2274,1356,2902.7999999999997
129810,2025-12-03,1250,456,984.0
129810,2025-12-03,552,372,450.0
129810,2025-12-03,1679,1248,2212.5
129810,2025-12-03,1925,1032,1863.0
129810,2025-12-03,1057,528,1026.0
129810,2025-12-03,2106,888,2080.5
129810,2025-12-03,1143,720,888.0
129810,2025-12-03,1814,336,1836.0
129810,2025-12-03,1175,636,1026.0
129810,2025-12-03,601,516,427.5
129810,2025-12-03,1400,396,1248.0
129810,2025-12-03,1932,1020,1920.0
129814,2025-12-03,2347,960,3042.0
129814,2025-12-03,2173,1680,2430.0
129814,2025-12-03,2762,1836,3469.2
129814,2025-12-03,1301,960,1008.0
129814,2025-12-03,551,312,337.5
129814,2025-12-03,2426,1680,3150.0
129814,2025-12-03,1959,1548,1863.0
129814,2025-12-03,1265,864,1215.0
129814,2025-12-03,2376,1392,2308.5
129814,2025-12-03,1348,960,1032.0
129814,2025-12-03,2226,696,2214.0
129814,2025-12-03,1373,1032,1188.0
129814,2025-12-03,1043,696,720.0
129814,2025-12-03,1237,852,1080.0
129814,2025-12-03,2382,1164,2310.0
129815,2025-12-03,1892,900,2470.0
129815,2025-12-03,2108,1050,2375.0
129815,2025-12-03,2163,910,2714.0
129815,2025-12-03,1100,440,860.0
129815,2025-12-03,568,230,431.25
129815,2025-12-03,1756,840,2281.25
129815,2025-12-03,1604,710,1530.0
129815,2025-12-03,1048,540,1012.5
129815,2025-12-03,1925,800,1876.25
129815,2025-12-03,1147,520,880.0
129815,2025-12-03,1693,780,1687.5
129815,2025-12-03,1464,620,1282.5
129815,2025-12-03,1032,450,731.25
129815,2025-12-03,978,500,860.0
129815,2025-12-03,1835,810,1800.0
129836,2025-12-03,7926,3960,10140.0
129836,2025-12-03,8748,4830,9675.0
129836,2025-12-03,8251,6630,10266.0
129836,2025-12-03,5046,3120,3840.0
129836,2025-12-03,1685,1260,1293.75
129836,2025-12-03,9313,7020,12000.0
129836,2025-12-03,7391,4650,6885.0
129836,2025-12-03,4606,3000,4320.0
129836,2025-12-03,8221,4080,7908.75
129836,2025-12-03,3683,3330,2700.0
129836,2025-12-03,7446,2400,7222.5
129836,2025-12-03,4619,3930,3915.0
129836,2025-12-03,3458,2340,2362.5
129836,2025-12-03,4485,2640,3840.0
129836,2025-12-03,6961,4320,6675.0
129837,2025-12-03,6092,2940,8092.5
129837,2025-12-03,7346,4380,8400.0
129837,2025-12-03,6970,5655,8982.75
129837,2025-12-03,4016,2415,3090.0
129837,2025-12-03,1415,1005,1068.75
129837,2025-12-03,7138,5715,9515.625
129837,2025-12-03,6080,4230,5838.75
129837,2025-12-03,3217,2655,3071.25
129837,2025-12-03,6189,3750,6091.875
129837,2025-12-03,3997,2985,3060.0
129837,2025-12-03,6179,2190,6210.0
129837,2025-12-03,4214,3660,3678.75
129837,2025-12-03,3330,1665,2362.5
129837,2025-12-03,4349,1860,3840.0
129837,2025-12-03,6067,3210,6000.0
129840,2025-12-03,5921,3120,7848.75
129840,2025-12-03,6952,4050,7950.0
129840,2025-12-03,6735,5460,8673.0
129840,2025-12-03,3780,2340,2910.0
129840,2025-12-03,1174,900,900.0
129840,2025-12-03,6669,5400,8859.375
129840,2025-12-03,5515,4155,5298.75
129840,2025-12-03,3109,2535,2970.0
129840,2025-12-03,6044,3570,5949.375
129840,2025-12-03,3688,2865,2820.0
129840,2025-12-03,5705,2385,5737.5
129840,2025-12-03,3947,3585,3408.75
129840,2025-12-03,3088,1800,2193.75
129840,2025-12-03,3981,1950,3510.0
129840,2025-12-03,5991,2985,5925.0
129845,2025-12-03,3582,1656,4680.0
129845,2025-12-03,3184,2688,3540.0
129845,2025-12-03,4264,3072,5345.4
129845,2025-12-03,2244,1536,1704.0
129845,2025-12-03,939,684,742.5
129845,2025-12-03,3936,2904,5100.0
129845,2025-12-03,3552,2580,3348.0
129845,2025-12-03,2328,1128,2214.0
129845,2025-12-03,3531,2076,3420.0
129845,2025-12-03,2151,1668,1632.0
129845,2025-12-03,3105,1272,3051.0
129845,2025-12-03,2426,2028,2052.0
129845,2025-12-03,1742,1140,1215.0
129845,2025-12-03,2701,960,2352.0
129845,2025-12-03,3314,1692,3210.0
129853,2025-12-03,4030,2220,5265.0
129853,2025-12-03,4459,3168,4980.0
129853,2025-12-03,5674,3936,7186.2
129853,2025-12-03,3086,1932,2400.0
129853,2025-12-03,1404,912,1102.5
129853,2025-12-03,5773,3552,7575.0
129853,2025-12-03,5056,3000,4779.0
129853,2025-12-03,3407,2052,3267.0
129853,2025-12-03,4606,2580,4474.5
129853,2025-12-03,3212,2064,2472.0
129853,2025-12-03,4093,1884,4023.0
129853,2025-12-03,2792,2495,2403.0
129853,2025-12-03,2523,1104,1777.5
129853,2025-12-03,3506,1224,3048.0
129853,2025-12-03,4339,2436,4200.0
129869,2025-11-26,3559,2408,4368.0
129869,2025-11-26,2982,1932,3045.0
129869,2025-11-26,3637,2324,4171.3
129869,2025-11-26,2472,1456,1820.0
129869,2025-11-26,768,490,577.5
129869,2025-11-26,3732,2240,4550.0
129869,2025-11-26,3077,1834,2677.5
129869,2025-11-26,1504,1358,1386.0
129869,2025-11-26,3466,2282,3158.75
129869,2025-11-26,1690,994,1204.0
129869,2025-11-26,3351,2436,3118.5
129869,2025-11-26,2149,1498,1764.0
129869,2025-11-26,1275,742,840.0
129869,2025-11-26,1945,1470,1652.0
129869,2025-11-26,2652,1988,2485.0
129898,2025-12-03,3450,2848,4576.0
129898,2025-12-03,4534,3456,5162.5
129898,2025-12-03,4510,4096,5761.349999999999
129898,2025-12-03,2622,2032,2076.0
129898,2025-12-03,1211,816,976.875
129898,2025-12-03,4025,3984,5290.625
129898,2025-12-03,3752,3264,3622.5
129898,2025-12-03,2312,1696,2270.25
129898,2025-12-03,3840,3152,3785.75
129898,2025-12-03,3120,1888,2458.0
129898,2025-12-03,2925,2080,2956.5
129898,2025-12-03,3120,2608,2763.0
129898,2025-12-03,1729,1504,1237.5
129898,2025-12-03,2621,1312,2342.0
129898,2025-12-03,3841,3199,3792.5
129811,2025-12-10,1251,856,1631.5
129811,2025-12-10,1851,1234,2095.0
129811,2025-12-10,2046,1238,2590.1
129811,2025-12-10,1143,668,900.0
129811,2025-12-10,417,278,337.5
129811,2025-12-10,1629,1128,2125.0
129811,2025-12-10,1599,1085,1530.0
129811,2025-12-10,968,527,945.0
129811,2025-12-10,1675,798,1643.5
129811,2025-12-10,1238,613,960.0
129811,2025-12-10,1527,410,1525.5
129811,2025-12-10,1374,969,1206.0
129811,2025-12-10,1159,546,828.75
129811,2025-12-10,1023,479,908.0
129811,2025-12-10,1555,777,1530.0
129818,2025-12-05,4966,2310,6841.25
129818,2025-12-05,4530,3215,5337.5
129818,2025-12-05,6778,4125,8982.75
129818,2025-12-05,5047,2435,4140.0
129818,2025-12-05,1837,935,1528.125
129818,2025-12-05,6788,3855,9296.875
129818,2025-12-05,5912,3579,5928.75
129818,2025-12-05,3683,1830,3746.25
129818,2025-12-05,5509,2870,5628.75
129818,2025-12-05,5551,2495,4500.0
129818,2025-12-05,5664,2545,5906.25
129818,2025-12-05,6382,2890,5895.0
129818,2025-12-05,4408,2080,3300.0
129818,2025-12-05,3003,1770,2770.0
129818,2025-12-05,5938,3165,6062.5
129921,2025-12-10,2124,960,2808.0
129921,2025-12-10,1104,1032,1200.0
129921,2025-12-10,2215,1032,2832.0
129921,2025-12-10,1029,828,792.0
129921,2025-12-10,388,312,292.5
129921,2025-12-10,1749,1464,2287.5
129921,2025-12-10,1812,1212,1755.0
129921,2025-12-10,966,780,918.0
129921,2025-12-10,2193,984,2166.0
129921,2025-12-10,633,804,480.0
129921,2025-12-10,1848,636,1863.0
129921,2025-12-10,1100,900,945.0
129921,2025-12-10,406,480,270.0
129921,2025-12-10,855,564,744.0
129921,2025-12-10,2113,624,2100.0
129925,2025-12-10,2124,780,2808.0
129925,2025-12-10,822,816,900.0
129925,2025-12-10,2000,1680,2548.7999999999997
129925,2025-12-10,834,768,648.0
129925,2025-12-10,360,276,270.0
129925,2025-12-10,1686,1344,2175.0
129925,2025-12-10,1677,1308,1620.0
129925,2025-12-10,791,756,756.0
129925,2025-12-10,2017,1116,1995.0
129925,2025-12-10,696,708,528.0
129925,2025-12-10,1686,552,1701.0
129925,2025-12-10,1002,876,864.0
129925,2025-12-10,438,432,292.5
129925,2025-12-10,689,648,600.0
129925,2025-12-10,1961,647,1950.0
129943,2025-12-11,7909,3950,10757.5
129943,2025-12-11,5377,3770,6250.0
129943,2025-12-11,8642,4590,11298.5
129943,2025-12-11,6939,3110,5620.0
129943,2025-12-11,1082,540,881.25
129943,2025-12-11,7328,3890,9906.25
129943,2025-12-11,4640,3100,4545.0
129943,2025-12-11,4143,2270,4072.5
129943,2025-12-11,6848,4140,6911.25
129943,2025-12-11,8264,3470,6640.0
129943,2025-12-11,8529,4350,8775.0
129943,2025-12-11,4107,2740,3667.5
129943,2025-12-11,4869,2789,3581.25
129943,2025-12-11,2819,1910,2520.0
129943,2025-12-11,6429,3750,6500.0
129944,2025-12-10,3224,1990,4290.0
129944,2025-12-10,1603,1150,1825.0
129944,2025-12-10,2334,1590,2979.5
129944,2025-12-10,1165,900,920.0
129944,2025-12-10,394,260,318.75
129944,2025-12-10,1762,1340,2312.5
129944,2025-12-10,1489,1170,1440.0
129944,2025-12-10,1728,1210,1687.5
129944,2025-12-10,2284,1420,2256.25
129944,2025-12-10,882,670,680.0
129944,2025-12-10,2178,1530,2205.0
129944,2025-12-10,1180,950,1035.0
129944,2025-12-10,805,570,581.25
129944,2025-12-10,853,610,760.0
129944,2025-12-10,2116,1440,2100.0
129945,2025-12-17,8653,4150,11765.0
129945,2025-12-17,6278,3180,7300.0
129945,2025-12-17,9649,4510,12626.0
129945,2025-12-17,6173,2750,4980.0
129945,2025-12-17,7669,3540,10375.0
129945,2025-12-17,5091,2650,5017.5
129945,2025-12-17,4149,1930,4095.0
129945,2025-12-17,6700,3240,6768.75
129945,2025-12-17,8976,3700,7220.0
129945,2025-12-17,8716,4080,8977.5
129945,2025-12-17,4258,2030,3825.0
129945,2025-12-17,4858,1990,3581.25
129945,2025-12-17,3466,1070,3100.0
129945,2025-12-17,7807,3580,7850.0
129947,2025-12-10,2951,984,3861.0
129947,2025-12-10,2174,1668,2430.0
129947,2025-12-10,2988,2172,3752.3999999999996
129947,2025-12-10,1153,1188,840.0
129947,2025-12-10,2289,1944,2962.5
129947,2025-12-10,2275,1536,2160.0
129947,2025-12-10,1809,744,1674.0
129947,2025-12-10,2750,1356,2679.0
129947,2025-12-10,1535,1176,1104.0
129947,2025-12-10,2250,720,2241.0
129947,2025-12-10,1635,1284,1323.0
129947,2025-12-10,1127,912,742.5
129947,2025-12-10,1289,924,1056.0
129947,2025-12-10,2347,924,2280.0
129948,2025-12-10,2652,1008,3471.0
129948,2025-12-10,1990,1464,2190.0
129948,2025-12-10,2592,1944,3256.7999999999997
129948,2025-12-10,1008,1032,696.0
129948,2025-12-10,2117,1812,2700.0
129948,2025-12-10,2105,1440,1971.0
129948,2025-12-10,1616,792,1458.0
129948,2025-12-10,2265,1428,2194.5
129948,2025-12-10,1303,1080,936.0
129948,2025-12-10,2121,588,2106.0
129948,2025-12-10,1434,1176,1161.0
129948,2025-12-10,1060,816,675.0
129948,2025-12-10,1086,912,888.0
129948,2025-12-10,2151,1032,2070.0
129957,2025-12-24,3924,2388,5226.0
129957,2025-12-24,2627,2076,3000.0
129957,2025-12-24,3896,2616,4991.4
129957,2025-12-24,1653,1260,1296.0
129957,2025-12-24,3686,2724,4875.0
129957,2025-12-24,2730,1860,2646.0
129957,2025-12-24,1935,1260,1890.0
129957,2025-12-24,3311,2100,3277.5
129957,2025-12-24,1369,1212,1056.0
129957,2025-12-24,3572,1872,3618.0
129957,2025-12-24,2173,1656,1917.0
129957,2025-12-24,1008,816,720.0
129957,2025-12-24,2306,1464,2064.0
129957,2025-12-24,3954,2400,3900.0
129958,2025-12-24,3750,2364,4992.0
129958,2025-12-24,2706,2076,3090.0
129958,2025-12-24,3787,2628,4849.8
129958,2025-12-24,1766,1368,1392.0
129958,2025-12-24,3630,2580,4800.0
129958,2025-12-24,2814,1608,2727.0
129958,2025-12-24,1548,1176,1512.0
129958,2025-12-24,3138,2004,3106.5
129958,2025-12-24,1217,1080,936.0
129958,2025-12-24,3625,1860,3672.0
129958,2025-12-24,1927,1680,1701.0
129958,2025-12-24,1040,804,742.5
129958,2025-12-24,2206,1416,1968.0
129958,2025-12-24,3983,1992,3930.0
129959,2025-12-10,825,336,1072.5
129959,2025-12-10,559,464,625.0
129959,2025-12-10,794,542,1003.0
129959,2025-12-10,330,273,256.0
129959,2025-12-10,128,104,105.0
129959,2025-12-10,776,583,1012.5
129959,2025-12-10,751,436,715.5
129959,2025-12-10,694,246,670.5
129959,2025-12-10,610,450,593.75
129959,2025-12-10,454,326,348.0
129959,2025-12-10,720,265,715.5
129959,2025-12-10,505,356,432.0
129959,2025-12-10,318,226,225.0
129959,2025-12-10,438,233,384.0
129959,2025-12-10,621,399,605.0
131624,2025-12-17,2526,1290,3347.5
131624,2025-12-17,1849,999,2100.0
131624,2025-12-17,2596,1210,3304.0
131624,2025-12-17,1227,630,960.0
131624,2025-12-17,398,210,318.75
131624,2025-12-17,2237,1110,2937.5
131624,2025-12-17,1775,950,1710.0
131624,2025-12-17,1547,930,1507.5
131624,2025-12-17,2383,1150,2351.25
131624,2025-12-17,1191,500,920.0
131624,2025-12-17,2228,940,2250.0
131624,2025-12-17,1616,720,1417.5
131624,2025-12-17,716,360,506.25
131624,2025-12-17,1191,620,1060.0
131624,2025-12-17,2378,1130,2350.0
131667,2025-12-10,2702,1328,3588.0
131667,2025-12-10,2145,1824,2440.0
131667,2025-12-10,2747,1312,3492.7999999999997
131667,2025-12-10,1435,1024,1120.0
131667,2025-12-10,519,400,390.0
131667,2025-12-10,2285,1840,3000.0
131667,2025-12-10,2086,1536,1980.0
131667,2025-12-10,1444,992,1404.0
131667,2025-12-10,2776,1392,2736.0
131667,2025-12-10,1543,1072,1184.0
131667,2025-12-10,2077,768,2088.0
131667,2025-12-10,2144,1344,1872.0
131667,2025-12-10,819,784,570.0
131667,2025-12-10,1339,736,1184.0
131667,2025-12-10,2124,1248,2080.0
132653,2025-12-10,4820,1260,6305.0
132653,2025-12-10,3581,2400,3950.0
132653,2025-12-10,4144,2200,5133.0
132653,2025-12-10,2109,1440,1600.0
132653,2025-12-10,794,480,562.5
132653,2025-12-10,4719,2400,6125.0
132653,2025-12-10,2512,1880,2340.0
132653,2025-12-10,1467,1280,1350.0
132653,2025-12-10,3047,1600,2945.0
132653,2025-12-10,3353,1440,2560.0
132653,2025-12-10,3771,700,3690.0
132653,2025-12-10,2549,1600,2160.0
132653,2025-12-10,1602,940,1087.5
132653,2025-12-10,1050,1100,880.0
132653,2025-12-10,2887,1840,2750.0
132876,2025-12-17,17890,8280,23530.0
132876,2025-12-17,9059,5200,10100.0
132876,2025-12-17,20004,9040,25252.0
132876,2025-12-17,11450,5220,8920.0
132876,2025-12-17,2373,1200,1837.5
132876,2025-12-17,13063,6320,17062.5
132876,2025-12-17,6764,3900,6345.0
132876,2025-12-17,7451,3460,7110.0
132876,2025-12-17,19241,8920,18762.5
132876,2025-12-17,15477,6320,12080.0
132876,2025-12-17,16553,6120,16425.0
132876,2025-12-17,7960,4320,6930.0
132876,2025-12-17,6596,2940,4687.5
132876,2025-12-17,6559,3700,5680.0
132876,2025-12-17,15354,8660,15100.0
132926,2025-12-17,1428,696,1898.0
132926,2025-12-17,1054,848,1200.0
132926,2025-12-17,1335,1024,1699.1999999999998
132926,2025-12-17,850,560,672.0
132926,2025-12-17,310,264,240.0
132926,2025-12-17,1065,960,1400.0
132926,2025-12-17,1360,784,1314.0
132926,2025-12-17,589,576,576.0
132926,2025-12-17,1346,696,1330.0
132926,2025-12-17,640,552,496.0
132926,2025-12-17,1139,376,1152.0
132926,2025-12-17,797,688,702.0
132926,2025-12-17,478,408,345.0
132926,2025-12-17,594,432,528.0
132926,2025-12-17,1125,712,1100.0
132927,2025-12-17,859,740,1121.25
132927,2025-12-17,1017,875,1125.0
132927,2025-12-17,1182,860,1475.0
132927,2025-12-17,898,305,690.0
132927,2025-12-17,320,165,253.125
132927,2025-12-17,1188,985,1531.25
132927,2025-12-17,1123,705,1057.5
132927,2025-12-17,895,465,855.0
132927,2025-12-17,1168,691,1128.125
132927,2025-12-17,980,695,740.0
132927,2025-12-17,664,520,652.5
132927,2025-12-17,949,595,810.0
132927,2025-12-17,664,345,468.75
132927,2025-12-17,780,361,680.0
132927,2025-12-17,665,725,650.0
132934,2025-12-17,7194,5504,9620.0
132934,2025-12-17,6632,5280,7680.0
132934,2025-12-17,7067,5632,9109.6
132934,2025-12-17,4084,2944,3136.0
132934,2025-12-17,1412,1136,1110.0
132934,2025-12-17,6568,5360,8750.0
132934,2025-12-17,5105,4624,4932.0
132934,2025-12-17,3029,3248,2880.0
132934,2025-12-17,6374,4816,6346.0
132934,2025-12-17,3511,3232,2624.0
132934,2025-12-17,6785,3552,6912.0
132934,2025-12-17,4101,3968,3492.0
132934,2025-12-17,2774,2352,1950.0
132934,2025-12-17,2434,2880,2112.0
132934,2025-12-17,5862,4960,5760.0
132946,2025-12-24,5658,2920,7527.0
132946,2025-12-24,3404,2067,3825.0
132946,2025-12-24,5405,2688,6873.5
132946,2025-12-24,2748,1266,2168.0
132946,2025-12-24,467,270,378.75
132946,2025-12-24,5557,3285,7337.5
132946,2025-12-24,3729,2032,3568.5
132946,2025-12-24,1429,928,1368.0
132946,2025-12-24,3624,1998,3538.75
132946,2025-12-24,2990,1350,2344.0
132946,2025-12-24,3574,1900,3555.0
132946,2025-12-24,2184,987,1939.5
132946,2025-12-24,1773,840,1267.5
132946,2025-12-24,2100,1296,1860.0
132946,2025-12-24,3495,1960,3455.0
132947,2025-12-24,5653,2967,7520.5
132947,2025-12-24,3440,2142,3865.0
132947,2025-12-24,5401,2693,6867.599999999999
132947,2025-12-24,2769,1288,2184.0
132947,2025-12-24,467,268,378.75
132947,2025-12-24,5576,3338,7362.5
132947,2025-12-24,3753,2063,3591.0
132947,2025-12-24,1433,962,1372.5
132947,2025-12-24,3624,2072,3538.75
132947,2025-12-24,2964,1372,2324.0
132947,2025-12-24,3578,1968,3559.5
132947,2025-12-24,2204,999,1957.5
132947,2025-12-24,1767,836,1263.75
132947,2025-12-24,2100,1332,1860.0
132947,2025-12-24,3424,1927,3385.0
133062,2025-12-24,11623,5279,15756.0
133062,2025-12-24,9294,4976,10760.0
133062,2025-12-24,8269,4016,10714.4
133062,2025-12-24,8779,4032,7072.0
133062,2025-12-24,2097,1200,1710.0
133062,2025-12-24,9040,4512,12100.0
133062,2025-12-24,7184,3664,7020.0
133062,2025-12-24,3482,2080,3420.0
133062,2025-12-24,13523,7040,13604.0
133062,2025-12-24,12291,5008,9856.0
133062,2025-12-24,11903,5504,12204.0
133062,2025-12-24,5983,3008,5328.0
133062,2025-12-24,5523,2496,4020.0
133062,2025-12-24,4942,2912,4416.0
133062,2025-12-24,9694,5696,9680.0
133063,2025-12-24,11277,5184,15288.0
133063,2025-12-24,6974,3824,8040.0
133063,2025-12-24,8196,3792,10620.0
133063,2025-12-24,7825,3488,6304.0
133063,2025-12-24,1654,976,1350.0
133063,2025-12-24,8544,4096,11450.0
133063,2025-12-24,6710,3296,6480.0
133063,2025-12-24,3409,2016,3348.0
133063,2025-12-24,12804,6352,12882.0
133063,2025-12-24,10702,3600,8576.0
133063,2025-12-24,10076,4976,10332.0
133063,2025-12-24,5141,2352,4536.0
133063,2025-12-24,4989,2080,3630.0
133063,2025-12-24,3232,1888,2880.0
133063,2025-12-24,9493,5264,9480.0
133096,2025-12-24,1636,960,2112.5
133096,2025-12-24,670,340,750.0
133096,2025-12-24,1157,720,1416.0
133096,2025-12-24,510,400,400.0
133096,2025-12-24,231,160,168.75
133096,2025-12-24,1033,600,1312.5
133096,2025-12-24,756,480,720.0
133096,2025-12-24,491,350,472.5
133096,2025-12-24,914,470,878.75
133096,2025-12-24,448,350,340.0
133096,2025-12-24,1079,640,1057.5
133096,2025-12-24,586,270,517.5
133096,2025-12-24,280,180,187.5
133096,2025-12-24,588,360,520.0
133096,2025-12-24,1249,780,1200.0
133098,2025-12-24,1595,1010,2047.5
133098,2025-12-24,714,360,800.0
133098,2025-12-24,1131,700,1386.5
133098,2025-12-24,637,260,500.0
133098,2025-12-24,275,190,206.25
133098,2025-12-24,1108,680,1406.25
133098,2025-12-24,734,470,697.5
133098,2025-12-24,514,420,495.0
133098,2025-12-24,941,490,902.5
133098,2025-12-24,434,370,320.0
133098,2025-12-24,1053,670,1035.0
133098,2025-12-24,638,300,562.5
133098,2025-12-24,258,210,168.75
133098,2025-12-24,566,370,500.0
133098,2025-12-24,1223,800,1175.0
133099,2025-12-24,299,216,390.0
133099,2025-12-24,319,264,360.0
133099,2025-12-24,437,294,548.6999999999999
133099,2025-12-24,194,108,144.0
133099,2025-12-24,136,66,78.75
133099,2025-12-24,252,234,318.75
133099,2025-12-24,324,270,310.5
133099,2025-12-24,431,354,418.5
133099,2025-12-24,521,366,513.0
133099,2025-12-24,267,222,204.0
133099,2025-12-24,312,222,310.5
133099,2025-12-24,265,246,229.5
133099,2025-12-24,213,126,146.25
133099,2025-12-24,283,204,252.0
133099,2025-12-24,229,252,210.0
133103,2025-12-24,2206,1608,2925.0
133103,2025-12-24,2308,1715,2640.0
133103,2025-12-24,2734,1920,3504.6
133103,2025-12-24,1449,1164,1152.0
133103,2025-12-24,472,348,382.5
133103,2025-12-24,2195,1776,2887.5
133103,2025-12-24,2304,1560,2241.0
133103,2025-12-24,1560,1344,1539.0
133103,2025-12-24,2582,1548,2565.0
133103,2025-12-24,1495,1224,1176.0
133103,2025-12-24,2236,1284,2268.0
133103,2025-12-24,1765,1392,1566.0
133103,2025-12-24,1616,888,1170.0
133103,2025-12-24,1372,1056,1224.0
133103,2025-12-24,2632,2016,2610.0
133108,2025-12-24,2282,736,3048.5
133108,2025-12-24,2186,1707,2495.0
133108,2025-12-24,3085,2124,3988.3999999999996
133108,2025-12-24,1462,906,1164.0
133108,2025-12-24,487,352,401.25
133108,2025-12-24,2534,1952,3356.25
133108,2025-12-24,1988,1362,1917.0
133108,2025-12-24,1212,1034,1197.0
133108,2025-12-24,2258,1406,2237.25
133108,2025-12-24,1263,880,996.0
133108,2025-12-24,2060,590,2079.0
133108,2025-12-24,1408,1150,1246.5
133108,2025-12-24,874,700,637.5
133108,2025-12-24,1393,936,1248.0
133108,2025-12-24,2357,1198,2330.0
133109,2025-12-24,2182,1386,2905.5
133109,2025-12-24,2114,1628,2410.0
133109,2025-12-24,2839,1926,3669.7999999999997
133109,2025-12-24,1310,830,1044.0
133109,2025-12-24,514,358,423.75
133109,2025-12-24,2313,1864,3068.75
133109,2025-12-24,1885,1304,1818.0
133109,2025-12-24,1158,1003,1143.0
133109,2025-12-24,2220,1304,2189.75
133109,2025-12-24,1131,878,892.0
133109,2025-12-24,2010,572,2029.5
133109,2025-12-24,1326,1120,1174.5
133109,2025-12-24,910,642,663.75
133109,2025-12-24,1393,782,1248.0
133109,2025-12-24,2362,1264,2335.0
133119,2025-12-24,4000,3680,5148.0
133119,2025-12-24,3898,3664,4360.0
133119,2025-12-24,3573,3280,4389.599999999999
133119,2025-12-24,2377,2592,1824.0
133119,2025-12-24,684,720,540.0
133119,2025-12-24,4619,3984,6050.0
133119,2025-12-24,3309,3072,3096.0
133119,2025-12-24,1786,2016,1692.0
133119,2025-12-24,3685,2784,3534.0
133119,2025-12-24,2031,2064,1504.0
133119,2025-12-24,3855,3600,3780.0
133119,2025-12-24,2516,2400,2160.0
133119,2025-12-24,2037,1552,1410.0
133119,2025-12-24,1746,2144,1504.0
133119,2025-12-24,3902,3952,3720.0
133120,2025-12-24,1358,852,1716.0
133120,2025-12-24,1170,887,1260.0
133120,2025-12-24,2063,1404,2548.7999999999997
133120,2025-12-24,665,672,504.0
133120,2025-12-24,257,324,180.0
133120,2025-12-24,1510,1236,1912.5
133120,2025-12-24,1277,1068,1188.0
133120,2025-12-24,765,636,729.0
133120,2025-12-24,1169,790,1111.5
133120,2025-12-24,1098,768,816.0
133120,2025-12-24,1343,864,1323.0
133120,2025-12-24,860,732,729.0
133120,2025-12-24,716,468,495.0
133120,2025-12-24,913,636,792.0
133120,2025-12-24,1552,1080,1470.0
133557,2025-12-24,1126,847,1501.5
133557,2025-12-24,965,812,1102.5
133557,2025-12-24,1403,1036,1796.55
133557,2025-12-24,671,525,532.0
133557,2025-12-24,365,203,301.875
133557,2025-12-24,1162,1001,1531.25
133557,2025-12-24,1118,651,1086.75
133557,2025-12-24,831,746,819.0
133557,2025-12-24,1189,826,1180.375
133557,2025-12-24,927,517,728.0
133557,2025-12-24,1072,840,1086.75
133557,2025-12-24,941,672,834.75
133557,2025-12-24,615,329,446.25
133557,2025-12-24,500,441,448.0
133557,2025-12-24,1157,1001,1155.0
